ARG,1972,1999.3278
ARG,1973,1996
ARG,1974,1992.8422
ARG,1975,1989.6893
ARG,1976,1986.5415
ARG,1977,1983.3987
ARG,1978,1980.2609
ARG,1979,1977.1279
ARG,1980,1974
ARG,1981,1961.2301
ARG,1982,1948.5427
ARG,1983,1935.9375
ARG,1984,1923.4137
ARG,1985,1910.9711
ARG,1986,1898.6089
ARG,1987,1886.3267
ARG,1988,1874.1238
ARG,1989,1862
ARG,1990,1850
ARG,1991,1837.9608
ARG,1992,1826
ARG,1993,1850.3378
ARG,1994,1875
ARG,1995,1881.9612
ARG,1996,1888.9481
ARG,1997,1895.961
ARG,1998,1903
ARG,1999,1887.285
ARG,2000,1862.1362
ARG,2001,1811.1526
ARG,2002,1710.0365
ARG,2003,1713.5746
ARG,2004,1743.3999
ARG,2005,1771.6785
ARG,2006,1775.9203
ARG,2007,1787.5447
ARG,2008,1789.765
ARG,2009,1751.6228
ARG,2010,1760.2247
ARG,2011,1760.2303
ARG,2012,1736.1034
ARG,2013,1725.8735
ARG,2014,1705.4283
ARG,2015,1703.4685
ARG,2016,1646.5126
ARG,2017,1648.8129
ARG,2018,1638.4401
ARG,2019,1609.069
AUS,1950,2170.9233
AUS,1951,2150.847
AUS,1952,2130.956
AUS,1953,2111.2493
AUS,1954,2091.7246
AUS,1955,2072.3806
AUS,1956,2053.2153
AUS,1957,2034.2275
AUS,1958,2015.4152
AUS,1959,1996.7769
AUS,1960,1978.3108
AUS,1961,1974.6611
AUS,1962,1971.0183
AUS,1963,1967.3821
AUS,1964,1963.7526
AUS,1965,1960.1299
AUS,1966,1956.5138
AUS,1967,1952.9043
AUS,1968,1949.3015
AUS,1969,1945.7054
AUS,1970,1942.116
AUS,1971,1923.4795
AUS,1972,1903.1487
AUS,1973,1889.8066
AUS,1974,1907.0665
AUS,1975,1893.8304
AUS,1976,1904.2075
AUS,1977,1906.0077
AUS,1978,1906.8549
AUS,1979,1912.2551
AUS,1980,1909.7628
AUS,1981,1894.8094
AUS,1982,1870.6583
AUS,1983,1857.0142
AUS,1984,1878.1584
AUS,1985,1869.2603
AUS,1986,1873.8745
AUS,1987,1871.6334
AUS,1988,1867.8535
AUS,1989,1877.7809
AUS,1990,1863.9597
AUS,1991,1850.485
AUS,1992,1846.5441
AUS,1993,1863.7845
AUS,1994,1869.9487
AUS,1995,1870.3296
AUS,1996,1863.823
AUS,1997,1861.0985
AUS,1998,1846.6295
AUS,1999,1848.475
AUS,2000,1847.4801
AUS,2001,1814.1289
AUS,2002,1808.1211
AUS,2003,1801.5743
AUS,2004,1799.3641
AUS,2005,1797.0736
AUS,2006,1786.9062
AUS,2007,1786.252
AUS,2008,1786.4766
AUS,2009,1757.9604
AUS,2010,1763.3228
AUS,2011,1765.2896
AUS,2012,1757.2185
AUS,2013,1756.2897
AUS,2014,1746.4962
AUS,2015,1746.4835
AUS,2016,1736.081
AUS,2017,1736.8003
AUS,2018,1729.342
AUS,2019,1726.7976
AUT,1950,2085.6694
AUT,1951,2083.0156
AUT,1952,2080.3652
AUT,1953,2077.718
AUT,1954,2075.0742
AUT,1955,2072.4338
AUT,1956,2069.7966
AUT,1957,2067.163
AUT,1958,2064.5327
AUT,1959,2061.9058
AUT,1960,2059.282
AUT,1961,2046.6298
AUT,1962,2034.0552
AUT,1963,2021.558
AUT,1964,2009.1375
AUT,1965,1996.7932
AUT,1966,1984.5249
AUT,1967,1972.3319
AUT,1968,1960.2139
AUT,1969,1948.1703
AUT,1970,1890.1375
AUT,1971,1885.288
AUT,1972,1905.7499
AUT,1973,1900.7313
AUT,1974,1978.6625
AUT,1975,1903.9717
AUT,1976,1898.0424
AUT,1977,1904.7831
AUT,1978,1844.0676
AUT,1979,1876.6804
AUT,1980,1881.0354
AUT,1981,1819.1412
AUT,1982,1835.1189
AUT,1983,1829.9122
AUT,1984,1825.9255
AUT,1985,1821.5303
AUT,1986,1820.7109
AUT,1987,1808.7163
AUT,1988,1812.1312
AUT,1989,1825.2433
AUT,1990,1826.0298
AUT,1991,1836.4442
AUT,1992,1804.9314
AUT,1993,1802.2981
AUT,1994,1800.5381
AUT,1995,1774.4364
AUT,1996,1807.2706
AUT,1997,1815.692
AUT,1998,1794.0305
AUT,1999,1797.9713
AUT,2000,1798.4323
AUT,2001,1785.4202
AUT,2002,1782.8479
AUT,2003,1773.9779
AUT,2004,1776.4658
AUT,2005,1752.4894
AUT,2006,1735.6696
AUT,2007,1724.7792
AUT,2008,1717.1951
AUT,2009,1673.0751
AUT,2010,1665.8439
AUT,2011,1671.6877
AUT,2012,1647.8529
AUT,2013,1632.0676
AUT,2014,1621.5658
AUT,2015,1605.2805
AUT,2016,1618.2108
AUT,2017,1608.1809
AUT,2018,1612.6927
AUT,2019,1611.3743
BGD,1970,2520.86
BGD,1971,2522.0146
BGD,1972,2522.9
BGD,1973,2523.4087
BGD,1974,2523.705
BGD,1975,2523.755
BGD,1976,2522.58
BGD,1977,2521.4927
BGD,1978,2520.5725
BGD,1979,2519.8289
BGD,1980,2519.2603
BGD,1981,2519.0798
BGD,1982,2522.7944
BGD,1983,2526.398
BGD,1984,2529.8147
BGD,1985,2485.5732
BGD,1986,2442.245
BGD,1987,2400.8552
BGD,1988,2360.1934
BGD,1989,2319.6323
BGD,1990,2413.8335
BGD,1991,2507.7632
BGD,1992,2512.3062
BGD,1993,2517.2378
BGD,1994,2522.5781
BGD,1995,2528.3394
BGD,1996,2535.1077
BGD,1997,2541.368
BGD,1998,2547.8
BGD,1999,2554.3582
BGD,2000,2560.8271
BGD,2001,2561.9287
BGD,2002,2563.5498
BGD,2003,2565.5776
BGD,2004,2576.8167
BGD,2005,2587.2727
BGD,2006,2597.6511
BGD,2007,2591.9429
BGD,2008,2586.7205
BGD,2009,2581.9487
BGD,2010,2577.616
BGD,2011,2491.95
BGD,2012,2405.7834
BGD,2013,2319.5667
BGD,2014,2366.9434
BGD,2015,2418.7507
BGD,2016,2473.509
BGD,2017,2418.8828
BGD,2018,2418.8828
BGD,2019,2418.8828
BEL,1950,2096.1492
BEL,1951,2085.9194
BEL,1952,2075.7397
BEL,1953,2065.6096
BEL,1954,2055.529
BEL,1955,2045.4976
BEL,1956,2035.5151
BEL,1957,2025.5814
BEL,1958,2015.6962
BEL,1959,2005.8591
BEL,1960,1996.0701
BEL,1961,1984.2296
BEL,1962,1972.4594
BEL,1963,1960.7589
BEL,1964,1949.1278
BEL,1965,1937.5658
BEL,1966,1926.0723
BEL,1967,1914.647
BEL,1968,1903.2894
BEL,1969,1891.9994
BEL,1970,1880.7761
BEL,1971,1871.7172
BEL,1972,1845.7231
BEL,1973,1818.9681
BEL,1974,1788.8882
BEL,1975,1778.8241
BEL,1976,1780.3851
BEL,1977,1754.3522
BEL,1978,1735.8992
BEL,1979,1718.7871
BEL,1980,1698.9741
BEL,1981,1676.3322
BEL,1982,1661.9731
BEL,1983,1667.9081
BEL,1984,1691.8772
BEL,1985,1697.8722
BEL,1986,1677.8961
BEL,1987,1662.9192
BEL,1988,1650.9292
BEL,1989,1641.9371
BEL,1990,1655.9281
BEL,1991,1618.9741
BEL,1992,1596.0011
BEL,1993,1552.0562
BEL,1994,1552.0562
BEL,1995,1578.0261
BEL,1996,1552.0571
BEL,1997,1565.0442
BEL,1998,1576.0342
BEL,1999,1575.3821
BEL,2000,1589.1027
BEL,2001,1581.2432
BEL,2002,1593.6455
BEL,2003,1598.2198
BEL,2004,1587.8026
BEL,2005,1577.6764
BEL,2006,1591.6377
BEL,2007,1593.6576
BEL,2008,1582.5051
BEL,2009,1563.2252
BEL,2010,1573.8307
BEL,2011,1590.2344
BEL,2012,1587.295
BEL,2013,1585.5951
BEL,2014,1581.596
BEL,2015,1575.4569
BEL,2016,1574.1542
BEL,2017,1577.9177
BEL,2018,1583.264
BEL,2019,1586.431
BRA,1950,2042
BRA,1951,2051.0186
BRA,1952,2060.0771
BRA,1953,2069.1755
BRA,1954,2078.3142
BRA,1955,2087.4932
BRA,1956,2096.713
BRA,1957,2105.9731
BRA,1958,2115.2742
BRA,1959,2124.6165
BRA,1960,2134
BRA,1961,2135.0974
BRA,1962,2136.1956
BRA,1963,2137.294
BRA,1964,2138.3933
BRA,1965,2139.493
BRA,1966,2140.5933
BRA,1967,2141.694
BRA,1968,2142.7954
BRA,1969,2143.8975
BRA,1970,2145
BRA,1971,2128.5408
BRA,1972,2112.2078
BRA,1973,2096
BRA,1974,2079.7708
BRA,1975,2063.667
BRA,1976,2047.6881
BRA,1977,2031.8329
BRA,1978,2016.1005
BRA,1979,2000.4897
BRA,1980,1985
BRA,1981,1974.0968
BRA,1982,1963.2535
BRA,1983,1952.4698
BRA,1984,1941.7454
BRA,1985,1931.0797
BRA,1986,1920.4728
BRA,1987,1909.924
BRA,1988,1899.4332
BRA,1989,1889
BRA,1990,1879
BRA,1991,1868.4705
BRA,1992,1858
BRA,1993,1858.9998
BRA,1994,1860
BRA,1995,1855.2317
BRA,1996,1850.4756
BRA,1997,1845.7317
BRA,1998,1841
BRA,1999,1813.8428
BRA,2000,1837.927
BRA,2001,1828.3264
BRA,2002,1818.7257
BRA,2003,1811.1825
BRA,2004,1803.1261
BRA,2005,1783.1312
BRA,2006,1779.1678
BRA,2007,1774.2665
BRA,2008,1771.2618
BRA,2009,1764.5468
BRA,2010,1761.3457
BRA,2011,1769.6213
BRA,2012,1765.1022
BRA,2013,1751.5537
BRA,2014,1738.8689
BRA,2015,1722.8759
BRA,2016,1714.675
BRA,2017,1709.5944
BRA,2018,1706.0571
BRA,2019,1707.795
BGR,1995,1710.674
BGR,1996,1708.2025
BGR,1997,1706.8674
BGR,1998,1649.981
BGR,1999,1669.4999
BGR,2000,1640.2538
BGR,2001,1651.8589
BGR,2002,1651.2594
BGR,2003,1640.5111
BGR,2004,1663.6887
BGR,2005,1658.6464
BGR,2006,1654.1027
BGR,2007,1654.5214
BGR,2008,1693.596
BGR,2009,1646.2753
BGR,2010,1644.8379
BGR,2011,1643.5928
BGR,2012,1644.4498
BGR,2013,1644.9795
BGR,2014,1644.059
BGR,2015,1644.3853
BGR,2016,1643.5475
BGR,2017,1643.258
BGR,2018,1644.5715
BGR,2019,1645.2465
KHM,1993,2190.6436
KHM,1994,2160.658
KHM,1995,2187.2812
KHM,1996,2191.9963
KHM,1997,2202.3345
KHM,1998,2239.2913
KHM,1999,2265.4268
KHM,2000,2296.8909
KHM,2001,2321.0562
KHM,2002,2367.1667
KHM,2003,2366.4758
KHM,2004,2374.304
KHM,2005,2373.758
KHM,2006,2374.1353
KHM,2007,2380.8865
KHM,2008,2382.5652
KHM,2009,2389.0847
KHM,2010,2390.162
KHM,2011,2408.062
KHM,2012,2414.2522
KHM,2013,2423.9707
KHM,2014,2442.8054
KHM,2015,2458.309
KHM,2016,2467.99
KHM,2017,2474.9119
KHM,2018,2474.9119
KHM,2019,2474.9119
CAN,1950,2209.2341
CAN,1951,2194.1836
CAN,1952,2181.9395
CAN,1953,2180.5283
CAN,1954,2172.6038
CAN,1955,2154.6565
CAN,1956,2142.279
CAN,1957,2122.9817
CAN,1958,2107.6152
CAN,1959,2104.4343
CAN,1960,2090.806
CAN,1961,2066.4954
CAN,1962,2065.045
CAN,1963,2050.3577
CAN,1964,2039.1084
CAN,1965,2021.2146
CAN,1966,1995.1143
CAN,1967,1985.5981
CAN,1968,1961.4777
CAN,1969,1942.4684
CAN,1970,1925
CAN,1971,1912
CAN,1972,1904
CAN,1973,1898
CAN,1974,1891
CAN,1975,1872
CAN,1976,1862
CAN,1977,1834
CAN,1978,1836
CAN,1979,1841
CAN,1980,1827
CAN,1981,1812
CAN,1982,1788.3629
CAN,1983,1780.2158
CAN,1984,1791.116
CAN,1985,1794.9056
CAN,1986,1798.5189
CAN,1987,1807.0273
CAN,1988,1807.8146
CAN,1989,1802.8204
CAN,1990,1795.2927
CAN,1991,1774.1893
CAN,1992,1772.387
CAN,1993,1771.1223
CAN,1994,1784.9905
CAN,1995,1785.0164
CAN,1996,1798.8071
CAN,1997,1796.6779
CAN,1998,1792.643
CAN,1999,1791.8601
CAN,2000,1786.1864
CAN,2001,1773.0408
CAN,2002,1754.3634
CAN,2003,1743.8031
CAN,2004,1753.7999
CAN,2005,1744.0182
CAN,2006,1743.5408
CAN,2007,1742.9257
CAN,2008,1740.306
CAN,2009,1710.836
CAN,2010,1714.2085
CAN,2011,1712.6512
CAN,2012,1720.6306
CAN,2013,1714.9354
CAN,2014,1709.6014
CAN,2015,1710.7802
CAN,2016,1705.1924
CAN,2017,1693.7847
CAN,2018,1707.0592
CAN,2019,1689.2809
CHL,1951,2527.8796
CHL,1952,2514.3145
CHL,1953,2500.822
CHL,1954,2487.402
CHL,1955,2474.0542
CHL,1956,2460.778
CHL,1957,2447.573
CHL,1958,2434.4387
CHL,1959,2421.375
CHL,1960,2408.3813
CHL,1961,2389.3052
CHL,1962,2370.2288
CHL,1963,2327.3071
CHL,1964,2322.538
CHL,1965,2336.8455
CHL,1966,2355.9216
CHL,1967,2179.466
CHL,1968,2260.5403
CHL,1969,2289.1545
CHL,1970,2160.3896
CHL,1971,2255.7712
CHL,1972,2270.0784
CHL,1973,2246.233
CHL,1974,2227.1567
CHL,1975,2270.0784
CHL,1976,2284.3855
CHL,1977,2255.7712
CHL,1978,2279.6165
CHL,1979,2303.462
CHL,1980,2317.769
CHL,1981,2360.6907
CHL,1982,2308.231
CHL,1983,2265.3093
CHL,1984,2298.6929
CHL,1985,2298.6929
CHL,1986,2332.0762
CHL,1987,2351.1526
CHL,1988,2360.6907
CHL,1989,2370.2288
CHL,1990,2408.3813
CHL,1991,2370.2288
CHL,1992,2365.4597
CHL,1993,2370.2288
CHL,1994,2351.1526
CHL,1995,2313
CHL,1996,2313
CHL,1997,2256
CHL,1998,2299
CHL,1999,2277
CHL,2000,2263
CHL,2001,2242
CHL,2002,2250
CHL,2003,2235
CHL,2004,2232
CHL,2005,2157
CHL,2006,2165
CHL,2007,2128
CHL,2008,2095
CHL,2009,2074
CHL,2010,2070
CHL,2011,2047
CHL,2012,2024
CHL,2013,2015
CHL,2014,1990
CHL,2015,1988
CHL,2016,1974
CHL,2017,1954
CHL,2018,1940.6
CHL,2019,1914.4
CHN,1970,1976.312
CHN,1971,1975.7937
CHN,1972,1975.5077
CHN,1973,1975.3647
CHN,1974,1975.1897
CHN,1975,1974.8975
CHN,1976,1974.2075
CHN,1977,1973.4353
CHN,1978,1972.7274
CHN,1979,1972.1038
CHN,1980,1971.4967
CHN,1981,1971.1016
CHN,1982,1970.7063
CHN,1983,1970.1927
CHN,1984,1969.7229
CHN,1985,1969.3905
CHN,1986,1970.4417
CHN,1987,1971.4633
CHN,1988,1972.6764
CHN,1989,1973.9873
CHN,1990,1975.354
CHN,1991,1976.8881
CHN,1992,1978.4229
CHN,1993,1981.6453
CHN,1994,1989.299
CHN,1995,2001.834
CHN,1996,2017.2646
CHN,1997,2037.3639
CHN,1998,2062.0522
CHN,1999,2082.0667
CHN,2000,2090.4753
CHN,2001,2103.5151
CHN,2002,2118.2014
CHN,2003,2138.0823
CHN,2004,2167.896
CHN,2005,2192.3545
CHN,2006,2183.0583
CHN,2007,2152.6501
CHN,2008,2131.5928
CHN,2009,2138.8518
CHN,2010,2172.7102
CHN,2011,2178.809
CHN,2012,2184.293
CHN,2013,2178.325
CHN,2014,2178.6626
CHN,2015,2170.4592
CHN,2016,2167.2278
CHN,2017,2168.919
CHN,2018,2168.919
CHN,2019,2168.919
COL,1950,2323
COL,1951,2312.28
COL,1952,2301.6096
COL,1953,2290.9885
COL,1954,2280.4163
COL,1955,2269.893
COL,1956,2259.4182
COL,1957,2248.9917
COL,1958,2238.6133
COL,1959,2228.2827
COL,1960,2218
COL,1961,2213.1526
COL,1962,2208.316
COL,1963,2203.4895
COL,1964,2198.6738
COL,1965,2193.8687
COL,1966,2189.074
COL,1967,2184.2898
COL,1968,2179.516
COL,1969,2174.753
COL,1970,2170
COL,1971,2160.29
COL,1972,2150.6233
COL,1973,2141
COL,1974,2131.2976
COL,1975,2121.6394
COL,1976,2112.0247
COL,1977,2102.4536
COL,1978,2092.926
COL,1979,2083.4414
COL,1980,2074
COL,1981,2063.2231
COL,1982,2052.5022
COL,1983,2041.8372
COL,1984,2031.2274
COL,1985,2020.6729
COL,1986,2010.1731
COL,1987,1999.7279
COL,1988,1989.3369
COL,1989,1979
COL,1990,1969
COL,1991,1958.9745
COL,1992,1949
COL,1993,1961.9569
COL,1994,1975
COL,1995,1970.2328
COL,1996,1965.477
COL,1997,1960.7328
COL,1998,1956
COL,1999,1956
COL,2000,1956
COL,2001,1956
COL,2002,2032.2886
COL,2003,2016.2488
COL,2004,2004.2563
COL,2005,2013.9287
COL,2006,2037.6603
COL,2007,2061.6716
COL,2008,2085.9658
COL,2009,2051.2192
COL,2010,2045.4346
COL,2011,2029.6957
COL,2012,2016.916
COL,2013,2011.7549
COL,2014,2004.7931
COL,2015,1997.0325
COL,2016,1989.179
COL,2017,1974.2314
COL,2018,1968.3673
COL,2019,1968.3673
CRI,1987,2371.7446
CRI,1988,2351.5657
CRI,1989,2313.1028
CRI,1990,2363.5396
CRI,1991,2278.2588
CRI,1992,2364.5488
CRI,1993,2352.4185
CRI,1994,2376.1067
CRI,1995,2350.713
CRI,1996,2392.572
CRI,1997,2371.2124
CRI,1998,2362.2837
CRI,1999,2376.1733
CRI,2000,2367.5845
CRI,2001,2335.0432
CRI,2002,2362.696
CRI,2003,2356.135
CRI,2004,2375.402
CRI,2005,2357.8464
CRI,2006,2365.613
CRI,2007,2392.5747
CRI,2008,2397.8833
CRI,2009,2354.2432
CRI,2010,2249.2659
CRI,2011,2289.8875
CRI,2012,2242.5994
CRI,2013,2156.5576
CRI,2014,2135.5332
CRI,2015,2156.9104
CRI,2016,2212.3838
CRI,2017,2185.2825
CRI,2018,2127.9885
CRI,2019,2069.2454
HRV,1995,1923.6868
HRV,1996,1923.6843
HRV,1997,1923.7461
HRV,1998,1923.6796
HRV,1999,1923.6516
HRV,2000,1922.0885
HRV,2001,1923.3796
HRV,2002,1923.6532
HRV,2003,1924.7345
HRV,2004,1926.5612
HRV,2005,1926.5049
HRV,2006,1928.6445
HRV,2007,1930.6614
HRV,2008,1932.2053
HRV,2009,1928.8948
HRV,2010,1942.9882
HRV,2011,1940.2644
HRV,2012,1923.7847
HRV,2013,1909.4727
HRV,2014,1891.6152
HRV,2015,1827.651
HRV,2016,1834.9098
HRV,2017,1823.7676
HRV,2018,1810.8696
HRV,2019,1831.3234
CYP,1995,1899.5675
CYP,1996,1898.5345
CYP,1997,1906.2773
CYP,1998,1912.542
CYP,1999,1919.71
CYP,2000,1926.3915
CYP,2001,1950.894
CYP,2002,1923.2074
CYP,2003,1916.0419
CYP,2004,1878.5753
CYP,2005,1847.304
CYP,2006,1832.9216
CYP,2007,1862.0607
CYP,2008,1867.7183
CYP,2009,1847.1039
CYP,2010,1844.9968
CYP,2011,1847.2744
CYP,2012,1845.2687
CYP,2013,1810.279
CYP,2014,1815.4343
CYP,2015,1824.3308
CYP,2016,1839.6754
CYP,2017,1821.4827
CYP,2018,1809.5833
CYP,2019,1805.2397
CZE,1993,1856.9036
CZE,1994,1838.9045
CZE,1995,1857.9026
CZE,1996,1852.5775
CZE,1997,1857.7623
CZE,1998,1877.4183
CZE,1999,1893.5347
CZE,2000,1895.5621
CZE,2001,1818.3157
CZE,2002,1816.5702
CZE,2003,1806.224
CZE,2004,1817.061
CZE,2005,1816.9883
CZE,2006,1799.1667
CZE,2007,1784.3645
CZE,2008,1789.5405
CZE,2009,1778.767
CZE,2010,1799.5005
CZE,2011,1805.6233
CZE,2012,1776.1244
CZE,2013,1763.0048
CZE,2014,1776.7375
CZE,2015,1756.161
CZE,2016,1778.5255
CZE,2017,1784.3712
CZE,2018,1786.6891
CZE,2019,1787.5435
DNK,1950,2049.514
DNK,1951,2035.0591
DNK,1952,2020.7062
DNK,1953,2006.4546
DNK,1954,1992.3035
DNK,1955,1978.2522
DNK,1956,1964.2999
DNK,1957,1950.4462
DNK,1958,1936.6901
DNK,1959,1923.031
DNK,1960,1909.4683
DNK,1961,1921.4111
DNK,1962,1933.4288
DNK,1963,1945.5216
DNK,1964,1957.6901
DNK,1965,1969.9347
DNK,1966,1982.2559
DNK,1967,1953.6619
DNK,1968,1909.1918
DNK,1969,1869.7018
DNK,1970,1845.3499
DNK,1971,1809.7368
DNK,1972,1751.8479
DNK,1973,1709.5088
DNK,1974,1691.4918
DNK,1975,1616.5078
DNK,1976,1623.5383
DNK,1977,1598.4269
DNK,1978,1575.1555
DNK,1979,1563.8428
DNK,1980,1577.4359
DNK,1981,1546.3959
DNK,1982,1552.8433
DNK,1983,1545.9578
DNK,1984,1540.8369
DNK,1985,1527.4664
DNK,1986,1530.9512
DNK,1987,1493.0265
DNK,1988,1471.1697
DNK,1989,1454.9504
DNK,1990,1440.4998
DNK,1991,1437.3113
DNK,1992,1452.3666
DNK,1993,1448.9192
DNK,1994,1406.6619
DNK,1995,1419.1434
DNK,1996,1412.2639
DNK,1997,1428.0895
DNK,1998,1441.135
DNK,1999,1456.4973
DNK,2000,1465.9373
DNK,2001,1468.6771
DNK,2002,1462.5846
DNK,2003,1457.829
DNK,2004,1458.0756
DNK,2005,1451.3639
DNK,2006,1455.7018
DNK,2007,1432.7698
DNK,2008,1430.0546
DNK,2009,1417.0284
DNK,2010,1422.3064
DNK,2011,1436.9801
DNK,2012,1423.3478
DNK,2013,1425.6351
DNK,2014,1413.8082
DNK,2015,1407.1481
DNK,2016,1412.0458
DNK,2017,1405.404
DNK,2018,1381.9294
DNK,2019,1380.6077
DOM,1990,2171.7024
DOM,1991,2169.4995
DOM,1992,2140.2593
DOM,1993,2233.4863
DOM,1994,2215.7012
DOM,1995,2234.448
DOM,1996,2206.3308
DOM,1997,2223.5127
DOM,1998,2283.072
DOM,1999,2303.456
DOM,2000,2206.567
DOM,2001,2187.6
DOM,2002,2137.6614
DOM,2003,2130.0408
DOM,2004,2151.756
DOM,2005,2153.188
DOM,2006,2123.3628
DOM,2007,2132.8594
DOM,2008,2131.6663
DOM,2009,2131.3306
DOM,2010,2114.7668
DOM,2011,2107.8098
DOM,2012,2114.4988
DOM,2013,2122.6282
DOM,2014,2181.511
DOM,2015,2156.5974
DOM,2016,2142.102
DOM,2017,2142.102
DOM,2018,2142.102
DOM,2019,2142.102
ECU,1995,1943
ECU,1996,1936.3103
ECU,1997,1929.6437
ECU,1998,1923
ECU,1999,1788.7039
ECU,2000,1800.2263
ECU,2001,1811.8231
ECU,2002,1823.4945
ECU,2003,1835.2412
ECU,2004,1782.7158
ECU,2005,1808.5057
ECU,2006,1772.748
ECU,2007,1729.0538
ECU,2008,1758.101
ECU,2009,1734.4746
ECU,2010,1719.4629
ECU,2011,1699.5295
ECU,2012,1664.7306
ECU,2013,1661.2454
ECU,2014,1649.2662
ECU,2015,1620.1982
ECU,2016,1572.3125
ECU,2017,1566.3596
ECU,2018,1568.1403
ECU,2019,1551.6428
EST,1995,1983.2291
EST,1996,1982.2822
EST,1997,1980.5514
EST,1998,1980.1615
EST,1999,1977.345
EST,2000,1977.8729
EST,2001,1970.4961
EST,2002,1972.69
EST,2003,1978.3347
EST,2004,1986.4607
EST,2005,2008.3733
EST,2006,2000.9904
EST,2007,1998.4846
EST,2008,1967.7698
EST,2009,1832.1401
EST,2010,1874.7017
EST,2011,1918.863
EST,2012,1885.6866
EST,2013,1865.8429
EST,2014,1859.4319
EST,2015,1851.6166
EST,2016,1855.1993
EST,2017,1856.6827
EST,2018,1810.3788
EST,2019,1797.2145
FIN,1950,2024.55
FIN,1951,2025.1461
FIN,1952,2025.7424
FIN,1953,2026.339
FIN,1954,2026.9355
FIN,1955,2027.5325
FIN,1956,2028.1294
FIN,1957,2028.7266
FIN,1958,2029.324
FIN,1959,2029.9215
FIN,1960,2030.5192
FIN,1961,2029.4869
FIN,1962,2022.2609
FIN,1963,2019.164
FIN,1964,2043.939
FIN,1965,2043.939
FIN,1966,2020.1963
FIN,1967,2002.6473
FIN,1968,1987.163
FIN,1969,1968.5817
FIN,1970,1979.9369
FIN,1971,1944.3569
FIN,1972,1928.6589
FIN,1973,1912.9619
FIN,1974,1906.6829
FIN,1975,1899.143
FIN,1976,1896.1289
FIN,1977,1887.8369
FIN,1978,1893.2559
FIN,1979,1869.143
FIN,1980,1790.0089
FIN,1981,1783.7668
FIN,1982,1776.4014
FIN,1983,1766.1139
FIN,1984,1761.8673
FIN,1985,1755.8744
FIN,1986,1739.2924
FIN,1987,1746.2614
FIN,1988,1749.9081
FIN,1989,1750.0303
FIN,1990,1726.422
FIN,1991,1707.338
FIN,1992,1706.4473
FIN,1993,1705.8651
FIN,1994,1726.8401
FIN,1995,1732.4525
FIN,1996,1730.9768
FIN,1997,1726.7855
FIN,1998,1716.5051
FIN,1999,1716.1497
FIN,2000,1704.7135
FIN,2001,1689.9165
FIN,2002,1682.4988
FIN,2003,1676.4135
FIN,2004,1677.6915
FIN,2005,1667.0387
FIN,2006,1661.7432
FIN,2007,1658.0253
FIN,2008,1653.7998
FIN,2009,1632.5205
FIN,2010,1637.9124
FIN,2011,1630.3019
FIN,2012,1619.7332
FIN,2013,1612.1733
FIN,2014,1609.5339
FIN,2015,1607.14
FIN,2016,1606.3032
FIN,2017,1600.3201
FIN,2018,1597.7305
FIN,2019,1590.6946
FRA,1950,2350.9597
FRA,1951,2360.5159
FRA,1952,2338.8276
FRA,1953,2313.3123
FRA,1954,2316.4275
FRA,1955,2292.0476
FRA,1956,2236.0613
FRA,1957,2199.6052
FRA,1958,2179.3933
FRA,1959,2179.2483
FRA,1960,2188.477
FRA,1961,2165.1897
FRA,1962,2177.7688
FRA,1963,2159.3423
FRA,1964,2166.1526
FRA,1965,2153.1584
FRA,1966,2144.572
FRA,1967,2110.4717
FRA,1968,2086.6023
FRA,1969,2011.9497
FRA,1970,1992.5079
FRA,1971,1989.7317
FRA,1972,1936.6277
FRA,1973,1920.427
FRA,1974,1888.4678
FRA,1975,1862.6046
FRA,1976,1888.8861
FRA,1977,1850.3282
FRA,1978,1819.0271
FRA,1979,1815.5414
FRA,1980,1806.1338
FRA,1981,1785.5872
FRA,1982,1714.3784
FRA,1983,1696.3026
FRA,1984,1689.6501
FRA,1985,1654.322
FRA,1986,1648.3517
FRA,1987,1659.3856
FRA,1988,1667.4076
FRA,1989,1651.2667
FRA,1990,1644.8507
FRA,1991,1637.7817
FRA,1992,1635.1525
FRA,1993,1626.6859
FRA,1994,1623.2335
FRA,1995,1601.2115
FRA,1996,1597.2815
FRA,1997,1595.6454
FRA,1998,1585.2897
FRA,1999,1578.3046
FRA,2000,1558.3387
FRA,2001,1537.9565
FRA,2002,1503.8867
FRA,2003,1507.2567
FRA,2004,1530.856
FRA,2005,1532.0759
FRA,2006,1515.0112
FRA,2007,1536.8156
FRA,2008,1542.7961
FRA,2009,1531.4512
FRA,2010,1539.8031
FRA,2011,1546.3312
FRA,2012,1540.8806
FRA,2013,1526.242
FRA,2014,1518.1111
FRA,2015,1519.4844
FRA,2016,1522.0693
FRA,2017,1505.3679
FRA,2018,1495.4579
FRA,2019,1504.9124
DEU,1950,2428.2795
DEU,1951,2402.437
DEU,1952,2376.8696
DEU,1953,2351.5745
DEU,1954,2326.5483
DEU,1955,2301.7886
DEU,1956,2277.2922
DEU,1957,2253.0566
DEU,1958,2229.079
DEU,1959,2205.3567
DEU,1960,2181.8867
DEU,1961,2155.2598
DEU,1962,2118.1436
DEU,1963,2087.684
DEU,1964,2099.1821
DEU,1965,2084.961
DEU,1966,2058.6367
DEU,1967,2020.9154
DEU,1968,2008.4089
DEU,1969,1988.6405
DEU,1970,1973.209
DEU,1971,1941.2367
DEU,1972,1916.1227
DEU,1973,1885.5624
DEU,1974,1852.2788
DEU,1975,1812.5404
DEU,1976,1824.946
DEU,1977,1806.8872
DEU,1978,1787.8251
DEU,1979,1775.7859
DEU,1980,1756.7238
DEU,1981,1734.6519
DEU,1982,1723.6158
DEU,1983,1710.5734
DEU,1984,1699.5375
DEU,1985,1676.4623
DEU,1986,1657.4001
DEU,1987,1634.325
DEU,1988,1629.3086
DEU,1989,1606.2334
DEU,1990,1583.1582
DEU,1991,1554.0635
DEU,1992,1565.0939
DEU,1993,1540.1843
DEU,1994,1536.577
DEU,1995,1530.5715
DEU,1996,1516.7512
DEU,1997,1507.6761
DEU,1998,1504.5591
DEU,1999,1491.5133
DEU,2000,1465.9377
DEU,2001,1458.165
DEU,2002,1448.9235
DEU,2003,1443.408
DEU,2004,1442.5842
DEU,2005,1432.4235
DEU,2006,1453.1885
DEU,2007,1454.0872
DEU,2008,1447.3285
DEU,2009,1405.0559
DEU,2010,1425.7455
DEU,2011,1426.8967
DEU,2012,1407.982
DEU,2013,1396.4581
DEU,2014,1400.412
DEU,2015,1400.7931
DEU,2016,1394.7543
DEU,2017,1391.3397
DEU,2018,1389.9318
DEU,2019,1386.1968
GRC,1951,2312.5513
GRC,1952,2302.988
GRC,1953,2293.4646
GRC,1954,2283.9802
GRC,1955,2274.5352
GRC,1956,2265.1292
GRC,1957,2255.762
GRC,1958,2246.4338
GRC,1959,2237.144
GRC,1960,2227.8926
GRC,1961,2217.9907
GRC,1962,2208.1328
GRC,1963,2198.3188
GRC,1964,2188.5483
GRC,1965,2178.8215
GRC,1966,2169.1377
GRC,1967,2159.4968
GRC,1968,2149.8992
GRC,1969,2140.3438
GRC,1970,2098.6428
GRC,1971,2099.6047
GRC,1972,2101.0935
GRC,1973,2102.546
GRC,1974,2103.9597
GRC,1975,2105.3333
GRC,1976,2106.6653
GRC,1977,2107.9543
GRC,1978,2109.6099
GRC,1979,2111.0493
GRC,1980,2111.6992
GRC,1981,2111.784
GRC,1982,2111.3945
GRC,1983,2108.8662
GRC,1984,2108.4956
GRC,1985,2107.4692
GRC,1986,2107.8125
GRC,1987,2110.0713
GRC,1988,2107.255
GRC,1989,2109.304
GRC,1990,2111.6228
GRC,1991,2112.8909
GRC,1992,2112.869
GRC,1993,2112.1438
GRC,1994,2110.1987
GRC,1995,2110.7063
GRC,1996,2109.4004
GRC,1997,2107.9448
GRC,1998,2108.4343
GRC,1999,2104.8523
GRC,2000,2107.6384
GRC,2001,2101.1304
GRC,2002,2093.215
GRC,2003,2091.4788
GRC,2004,2082.5518
GRC,2005,2136.239
GRC,2006,2125.3364
GRC,2007,2110.9885
GRC,2008,2106.26
GRC,2009,2081.2117
GRC,2010,2019.5708
GRC,2011,2037.7003
GRC,2012,2055.374
GRC,2013,2059.22
GRC,2014,2020.8816
GRC,2015,2031.1404
GRC,2016,2030.0905
GRC,2017,2045.2413
GRC,2018,2044.431
GRC,2019,2036.4635
HKG,1960,2723.5908
HKG,1961,2703.403
HKG,1962,2683.365
HKG,1963,2663.4753
HKG,1964,2643.733
HKG,1965,2624.1372
HKG,1966,2604.6865
HKG,1967,2585.38
HKG,1968,2566.2166
HKG,1969,2547.1953
HKG,1970,2528.315
HKG,1971,2527.0505
HKG,1972,2525.4067
HKG,1973,2523.8271
HKG,1974,2522.549
HKG,1975,2521.6772
HKG,1976,2518.0522
HKG,1977,2507.4993
HKG,1978,2497.362
HKG,1979,2488.411
HKG,1980,2477.289
HKG,1981,2466.1562
HKG,1982,2441.66
HKG,1983,2410.825
HKG,1984,2381.8462
HKG,1985,2356.0828
HKG,1986,2360.2485
HKG,1987,2324.3064
HKG,1988,2372.4387
HKG,1989,2314.0312
HKG,1990,2278.5217
HKG,1991,2309.9045
HKG,1992,2224.1714
HKG,1993,2287.9592
HKG,1994,2291.9285
HKG,1995,2254.8499
HKG,1996,2304.2678
HKG,1997,2257.8132
HKG,1998,2259.1526
HKG,1999,2301.9258
HKG,2000,2330.667
HKG,2001,2326.358
HKG,2002,2343.431
HKG,2003,2330.8987
HKG,2004,2354.375
HKG,2005,2346.386
HKG,2006,2315.4949
HKG,2007,2327.78
HKG,2008,2277.0227
HKG,2009,2251.9988
HKG,2010,2302.08
HKG,2011,2256.8945
HKG,2012,2233.4592
HKG,2013,2225.5356
HKG,2014,2175.4304
HKG,2015,2185.5137
HKG,2016,2176.568
HKG,2017,2147.5745
HKG,2018,2147.5745
HKG,2019,2147.5745
HUN,1980,2130.5764
HUN,1981,2129.6052
HUN,1982,2039.2937
HUN,1983,2019.8718
HUN,1984,1949.9531
HUN,1985,1923.7336
HUN,1986,1914.9939
HUN,1987,1957.7219
HUN,1988,1951.8954
HUN,1989,1927.618
HUN,1990,1888.7743
HUN,1991,1857.6993
HUN,1992,1815.9424
HUN,1993,1815.9424
HUN,1994,1943.1555
HUN,1995,1948.011
HUN,1996,1945.9785
HUN,1997,1954.3046
HUN,1998,1945.0614
HUN,1999,1952.4032
HUN,2000,1932.4021
HUN,2001,1897.765
HUN,2002,1883.6323
HUN,2003,1856.2875
HUN,2004,1858.6111
HUN,2005,1834.0532
HUN,2006,1813.8796
HUN,2007,1787.781
HUN,2008,1791.238
HUN,2009,1758.2225
HUN,2010,1766.3568
HUN,2011,1753.6707
HUN,2012,1738.2518
HUN,2013,1733.6252
HUN,2014,1748.5514
HUN,2015,1745.948
HUN,2016,1760.155
HUN,2017,1747.3541
HUN,2018,1728.8778
HUN,2019,1725.2279
ISL,1964,2115.84
ISL,1965,2092.803
ISL,1966,2080.6277
ISL,1967,2045.2112
ISL,1968,1998.6008
ISL,1969,1970.4004
ISL,1970,1953.1528
ISL,1971,1915.1821
ISL,1972,1882.5275
ISL,1973,1865.3461
ISL,1974,1840.9304
ISL,1975,1816.4849
ISL,1976,1789.3252
ISL,1977,1747.7571
ISL,1978,1709.6963
ISL,1979,1696.981
ISL,1980,1687.0228
ISL,1981,1680.6754
ISL,1982,1683.3799
ISL,1983,1683.3934
ISL,1984,1681.5781
ISL,1985,1680.6815
ISL,1986,1673.4517
ISL,1987,1671.6102
ISL,1988,1678.8577
ISL,1989,1674.3617
ISL,1990,1664.4016
ISL,1991,1667.9596
ISL,1992,1667.9596
ISL,1993,1682.919
ISL,1994,1654.6625
ISL,1995,1641.3654
ISL,1996,1658.8179
ISL,1997,1683.75
ISL,1998,1664.6354
ISL,1999,1644.6896
ISL,2000,1695.385
ISL,2001,1706.1888
ISL,2002,1672.115
ISL,2003,1638.8722
ISL,2004,1645.5208
ISL,2005,1637.21
ISL,2006,1627.2372
ISL,2007,1605.6293
ISL,2008,1607.2914
ISL,2009,1512.2565
ISL,2010,1503.0515
ISL,2011,1511.8303
ISL,2012,1497.8882
ISL,2013,1499.7734
ISL,2014,1488.4912
ISL,2015,1486.4058
ISL,2016,1473.9927
ISL,2017,1464.4535
ISL,2018,1449.3953
ISL,2019,1454.4949
IND,1970,2077.3308
IND,1971,2077.0852
IND,1972,2076.5603
IND,1973,2074.829
IND,1974,2072.3657
IND,1975,2069.9565
IND,1976,2067.16
IND,1977,2065.3796
IND,1978,2064.4177
IND,1979,2064.2246
IND,1980,2064.0278
IND,1981,2063.623
IND,1982,2064.153
IND,1983,2065.1204
IND,1984,2066.7083
IND,1985,2068.6077
IND,1986,2070.578
IND,1987,2072.2705
IND,1988,2075.0774
IND,1989,2078.132
IND,1990,2078.4795
IND,1991,2079.3042
IND,1992,2076.9104
IND,1993,2075.8694
IND,1994,2075.6873
IND,1995,2077.0972
IND,1996,2079.8303
IND,1997,2079.3826
IND,1998,2080.7412
IND,1999,2082.6938
IND,2000,2086.6284
IND,2001,2086.7727
IND,2002,2088.8936
IND,2003,2091.9958
IND,2004,2095.7783
IND,2005,2096.916
IND,2006,2097.0964
IND,2007,2098.1213
IND,2008,2099.633
IND,2009,2103.5361
IND,2010,2110.3926
IND,2011,2113.6245
IND,2012,2115.7139
IND,2013,2117.1133
IND,2014,2118.5447
IND,2015,2118.8215
IND,2016,2121.2432
IND,2017,2122.9407
IND,2018,2122.9407
IND,2019,2122.9407
IDN,1970,1893.4952
IDN,1971,1892.7327
IDN,1972,1918.5746
IDN,1973,1925.8982
IDN,1974,1920.833
IDN,1975,1900.5018
IDN,1976,1862.275
IDN,1977,1877.682
IDN,1978,1981.1886
IDN,1979,1992.0203
IDN,1980,2005.733
IDN,1981,2035.1864
IDN,1982,2013.3235
IDN,1983,2050.5957
IDN,1984,2056.1162
IDN,1985,2029.4622
IDN,1986,1887.7104
IDN,1987,1889.9427
IDN,1988,1886.1467
IDN,1989,1891.3356
IDN,1990,1909.3021
IDN,1991,1928.3624
IDN,1992,1895.6202
IDN,1993,1897.3348
IDN,1994,1929.5098
IDN,1995,1927.9639
IDN,1996,1917.2216
IDN,1997,1923.3959
IDN,1998,1956.473
IDN,1999,1971.893
IDN,2000,1979.1157
IDN,2001,2021.0006
IDN,2002,1993.8693
IDN,2003,2020.7998
IDN,2004,2046.9236
IDN,2005,2024.379
IDN,2006,2039.5248
IDN,2007,2078.1553
IDN,2008,2055.938
IDN,2009,2075.396
IDN,2010,2066.0007
IDN,2011,2034.8198
IDN,2012,2037.8956
IDN,2013,2034.9995
IDN,2014,2017.9722
IDN,2015,2024.287
IDN,2016,2014.539
IDN,2017,2019.9233
IDN,2018,2019.9233
IDN,2019,2019.9233
IRL,1950,2419.4111
IRL,1951,2407.575
IRL,1952,2395.7969
IRL,1953,2384.0762
IRL,1954,2372.413
IRL,1955,2360.807
IRL,1956,2349.2573
IRL,1957,2337.7644
IRL,1958,2326.328
IRL,1959,2314.947
IRL,1960,2303.622
IRL,1961,2306.6157
IRL,1962,2309.6133
IRL,1963,2312.615
IRL,1964,2315.6204
IRL,1965,2318.6296
IRL,1966,2321.6428
IRL,1967,2324.6602
IRL,1968,2327.6812
IRL,1969,2330.7063
IRL,1970,2333.735
IRL,1971,2316.7312
IRL,1972,2296.588
IRL,1973,2284.031
IRL,1974,2247.6687
IRL,1975,2237.7278
IRL,1976,2232.2344
IRL,1977,2202.6733
IRL,1978,2183.0535
IRL,1979,2161.3406
IRL,1980,2122.1006
IRL,1981,2090.7085
IRL,1982,2083.3838
IRL,1983,2073.1814
IRL,1984,2055.1309
IRL,1985,2062.194
IRL,1986,2096.7253
IRL,1987,2076.059
IRL,1988,2084.4302
IRL,1989,2091.755
IRL,1990,2080.2446
IRL,1991,2045.1902
IRL,1992,1996.7941
IRL,1993,1970.111
IRL,1994,1970.3726
IRL,1995,1962.0013
IRL,1996,1953.5992
IRL,1997,1954.1941
IRL,1998,1953.1941
IRL,1999,1941.8829
IRL,2000,1932.7238
IRL,2001,1923.5294
IRL,2002,1904.2762
IRL,2003,1886.7864
IRL,2004,1875.256
IRL,2005,1883.1937
IRL,2006,1878.813
IRL,2007,1864.9323
IRL,2008,1843.8962
IRL,2009,1811.803
IRL,2010,1720.9739
IRL,2011,1736.5315
IRL,2012,1737.8612
IRL,2013,1743.4727
IRL,2014,1757.0306
IRL,2015,1770.5844
IRL,2016,1762.9232
IRL,2017,1774.7498
IRL,2018,1785.4022
IRL,2019,1771.9779
ISR,1981,1966.0331
ISR,1982,1941.761
ISR,1983,1928.6136
ISR,1984,1931.6477
ISR,1985,1931.6477
ISR,1986,1926.5911
ISR,1987,1920.5231
ISR,1988,1878.047
ISR,1989,1909.3983
ISR,1990,1904.3417
ISR,1991,1897.2623
ISR,1992,1950.863
ISR,1993,1952.8857
ISR,1994,1993.339
ISR,1995,2017.6111
ISR,1996,2035.5391
ISR,1997,2040.4977
ISR,1998,2015.4592
ISR,1999,2023.3385
ISR,2000,2034.7421
ISR,2001,1998.0148
ISR,2002,2015.5543
ISR,2003,1996.878
ISR,2004,1973.2894
ISR,2005,1965.0957
ISR,2006,1951.7192
ISR,2007,1964.7948
ISR,2008,1960.6504
ISR,2009,1962.0277
ISR,2010,1956.2672
ISR,2011,1946.813
ISR,2012,1918.9104
ISR,2013,1908.5974
ISR,2014,1894.1754
ISR,2015,1895.9094
ISR,2016,1921.191
ISR,2017,1920.5325
ISR,2018,1912.8923
ISR,2019,1900.8748
ITA,1950,2099.5305
ITA,1951,2105.9595
ITA,1952,2112.4082
ITA,1953,2118.8767
ITA,1954,2125.3647
ITA,1955,2131.873
ITA,1956,2138.4011
ITA,1957,2144.949
ITA,1958,2151.517
ITA,1959,2158.1052
ITA,1960,2164.7136
ITA,1961,2148.0322
ITA,1962,2098.948
ITA,1963,2084.2085
ITA,1964,2078.0774
ITA,1965,2020.4868
ITA,1966,2039.122
ITA,1967,2063.5618
ITA,1968,2057.1218
ITA,1969,2056.0034
ITA,1970,2034.7423
ITA,1971,1982.4568
ITA,1972,1963.6632
ITA,1973,1947.4805
ITA,1974,1917.0176
ITA,1975,1901.5526
ITA,1976,1899.4647
ITA,1977,1864.7463
ITA,1978,1854.7401
ITA,1979,1848.2284
ITA,1980,1849.2611
ITA,1981,1852.6433
ITA,1982,1862.8739
ITA,1983,1867.6633
ITA,1984,1856.6704
ITA,1985,1850.5262
ITA,1986,1863.0144
ITA,1987,1877.6406
ITA,1988,1885.3231
ITA,1989,1873.1007
ITA,1990,1856.4014
ITA,1991,1847.4683
ITA,1992,1850.4974
ITA,1993,1850.6401
ITA,1994,1850.3268
ITA,1995,1856.2129
ITA,1996,1866.1517
ITA,1997,1859.8639
ITA,1998,1873.1329
ITA,1999,1869.878
ITA,2000,1850.198
ITA,2001,1837.6362
ITA,2002,1826.1901
ITA,2003,1815.1038
ITA,2004,1814.6156
ITA,2005,1811.1017
ITA,2006,1811.8516
ITA,2007,1817.7074
ITA,2008,1806.5394
ITA,2009,1775.1697
ITA,2010,1776.7732
ITA,2011,1772.5574
ITA,2012,1733.6423
ITA,2013,1719.0903
ITA,2014,1716.3412
ITA,2015,1717.469
ITA,2016,1721.6975
ITA,2017,1719.1593
ITA,2018,1722.3185
ITA,2019,1717.8339
JAM,1986,1864.8246
JAM,1987,1893.6748
JAM,1988,1914.997
JAM,1989,1972.9108
JAM,1990,1938.2228
JAM,1991,1947.975
JAM,1992,1963.4525
JAM,1993,1951.1327
JAM,1994,1958.8782
JAM,1995,1948.525
JAM,1996,1969.2648
JAM,1997,1963.9474
JAM,1998,1999.2107
JAM,1999,1983.4503
JAM,2000,1963.4492
JAM,2001,1970.6368
JAM,2002,1965.5664
JPN,1950,2030.4137
JPN,1951,2012.9907
JPN,1952,1995.7172
JPN,1953,1978.5918
JPN,1954,2008.9454
JPN,1955,2034.5164
JPN,1956,2084.9668
JPN,1957,2108.0427
JPN,1958,2133.1448
JPN,1959,2156.2446
JPN,1960,2172.899
JPN,1961,2175.3137
JPN,1962,2152.7
JPN,1963,2146.3276
JPN,1964,2153.529
JPN,1965,2135.1223
JPN,1966,2142.9473
JPN,1967,2156.571
JPN,1968,2160.34
JPN,1969,2147.0117
JPN,1970,2137.2173
JPN,1971,2129.2954
JPN,1972,2131.6648
JPN,1973,2117.5442
JPN,1974,2058.7163
JPN,1975,2030.2618
JPN,1976,2057.5
JPN,1977,2064.0063
JPN,1978,2067.9878
JPN,1979,2072.7031
JPN,1980,2073.9438
JPN,1981,2068.8276
JPN,1982,2068.6187
JPN,1983,2074.86
JPN,1984,2089.2798
JPN,1985,2076.7673
JPN,1986,2078.495
JPN,1987,2083.9683
JPN,1988,2080.4377
JPN,1989,2061.3616
JPN,1990,2028.4187
JPN,1991,2010.742
JPN,1992,1962.1306
JPN,1993,1926.7769
JPN,1994,1909.1
JPN,1995,1911.6
JPN,1996,1914.8
JPN,1997,1887.1
JPN,1998,1866.5
JPN,1999,1850.9
JPN,2000,1858.5
JPN,2001,1843.1
JPN,2002,1830.6
JPN,2003,1834.2
JPN,2004,1841.9
JPN,2005,1828.2
JPN,2006,1836.4
JPN,2007,1826.9
JPN,2008,1807.7
JPN,2009,1757.7
JPN,2010,1779.3
JPN,2011,1775.3
JPN,2012,1786.8
JPN,2013,1766.5
JPN,2014,1762.1
JPN,2015,1756.9
JPN,2016,1747.1
JPN,2017,1743.7
JPN,2018,1729
JPN,2019,1691.0852
LVA,1995,1975.9082
LVA,1996,1975.8959
LVA,1997,1975.9169
LVA,1998,1975.9045
LVA,1999,1975.9008
LVA,2000,1975.7949
LVA,2001,1987.1439
LVA,2002,1937.8738
LVA,2003,1927.734
LVA,2004,1878.3942
LVA,2005,1905.5121
LVA,2006,1906.8286
LVA,2007,1878.2091
LVA,2008,2002.2491
LVA,2009,1952.2241
LVA,2010,1935.1354
LVA,2011,1951.8978
LVA,2012,1934.2838
LVA,2013,1927.7461
LVA,2014,1938.4757
LVA,2015,1901.7413
LVA,2016,1902.4856
LVA,2017,1886.51
LVA,2018,1899.5946
LVA,2019,1864.9758
LTU,1995,1729.3558
LTU,1996,1727.0402
LTU,1997,1732.694
LTU,1998,1779.5939
LTU,1999,1726.0139
LTU,2000,1846.2274
LTU,2001,1831.2194
LTU,2002,1802.1711
LTU,2003,1785.8864
LTU,2004,1878.5562
LTU,2005,1878.9719
LTU,2006,1874.2102
LTU,2007,1903.7567
LTU,2008,1933.5715
LTU,2009,1862.9437
LTU,2010,1921.4894
LTU,2011,1896.0465
LTU,2012,1893.8208
LTU,2013,1877.0928
LTU,2014,1868.4878
LTU,2015,1894.8954
LTU,2016,1918.818
LTU,2017,1876.4305
LTU,2018,1884.4995
LTU,2019,1886.0845
LUX,1970,1845.8337
LUX,1971,1842.3225
LUX,1972,1821.7404
LUX,1973,1792.4796
LUX,1974,1768.9808
LUX,1975,1741.3528
LUX,1976,1757.8203
LUX,1977,1732.7173
LUX,1978,1715.1167
LUX,1979,1698.5068
LUX,1980,1682.2992
LUX,1981,1658.0498
LUX,1982,1640.4098
LUX,1983,1634.7795
LUX,1984,1621.1935
LUX,1985,1634.8555
LUX,1986,1626.6586
LUX,1987,1624.8365
LUX,1988,1644.8745
LUX,1989,1633.9445
LUX,1990,1633.9445
LUX,1991,1616.6395
LUX,1992,1595.6915
LUX,1993,1602.0675
LUX,1994,1581.1195
LUX,1995,1592.6145
LUX,1996,1599.5625
LUX,1997,1598.037
LUX,1998,1593.3136
LUX,1999,1591.7571
LUX,2000,1602.2155
LUX,2001,1585.72
LUX,2002,1580.6825
LUX,2003,1578.9333
LUX,2004,1577.8783
LUX,2005,1549.8424
LUX,2006,1552.2755
LUX,2007,1566.2959
LUX,2008,1566.969
LUX,2009,1516.4703
LUX,2010,1516.4979
LUX,2011,1515.0692
LUX,2012,1508.0867
LUX,2013,1502.6809
LUX,2014,1506.1573
LUX,2015,1513.6758
LUX,2016,1512.3856
LUX,2017,1505.6897
LUX,2018,1505.7133
LUX,2019,1505.5586
MYS,1970,2229.7559
MYS,1971,2230.705
MYS,1972,2231.552
MYS,1973,2232.3188
MYS,1974,2233.0056
MYS,1975,2233.5935
MYS,1976,2234.5215
MYS,1977,2235.3315
MYS,1978,2236.0312
MYS,1979,2236.6367
MYS,1980,2237.1548
MYS,1981,2237.765
MYS,1982,2237.9917
MYS,1983,2237.7505
MYS,1984,2238.6614
MYS,1985,2238.4636
MYS,1986,2236.7302
MYS,1987,2234.9802
MYS,1988,2234.763
MYS,1989,2238.7236
MYS,1990,2240.6816
MYS,1991,2244.9285
MYS,1992,2248.4297
MYS,1993,2249.3901
MYS,1994,2249.0159
MYS,1995,2248.9043
MYS,1996,2250.0361
MYS,1997,2250.7688
MYS,1998,2249.4648
MYS,1999,2248.5645
MYS,2000,2247.2915
MYS,2001,2247.7478
MYS,2002,2274.4314
MYS,2003,2265.1
MYS,2004,2261.0774
MYS,2005,2308.5122
MYS,2006,2289.9543
MYS,2007,2266.0903
MYS,2008,2239.4177
MYS,2009,2244.5303
MYS,2010,2227.7622
MYS,2011,2225.7998
MYS,2012,2204.287
MYS,2013,2170.1194
MYS,2014,2180.2659
MYS,2015,2169.2876
MYS,2016,2190.468
MYS,2017,2197.058
MYS,2018,2197.058
MYS,2019,2197.058
MLT,1994,2258.4878
MLT,1995,2257.2898
MLT,1996,2250.3857
MLT,1997,2252.865
MLT,1998,2277.3828
MLT,1999,2254.384
MLT,2000,2251.1816
MLT,2001,2159.337
MLT,2002,2216.6877
MLT,2003,2191.6677
MLT,2004,2091.1963
MLT,2005,2157.9136
MLT,2006,2162.856
MLT,2007,2153.3037
MLT,2008,2162.9739
MLT,2009,2168.4038
MLT,2010,2110.2021
MLT,2011,2047.1711
MLT,2012,2013.1895
MLT,2013,1988.1226
MLT,2014,1943.1774
MLT,2015,1933.2285
MLT,2016,1985.7622
MLT,2017,1897.1754
MLT,2018,1913.2697
MLT,2019,1915.4167
MEX,1950,2274.8445
MEX,1951,2274.4216
MEX,1952,2273.999
MEX,1953,2273.5764
MEX,1954,2273.1538
MEX,1955,2272.7312
MEX,1956,2272.3088
MEX,1957,2271.8865
MEX,1958,2271.4644
MEX,1959,2271.0422
MEX,1960,2270.62
MEX,1961,2261.5889
MEX,1962,2252.5935
MEX,1963,2243.634
MEX,1964,2234.7102
MEX,1965,2225.8218
MEX,1966,2216.9688
MEX,1967,2208.1511
MEX,1968,2199.3684
MEX,1969,2190.6206
MEX,1970,2181.9075
MEX,1971,2180.146
MEX,1972,2178.3857
MEX,1973,2176.627
MEX,1974,2175.115
MEX,1975,2173.6042
MEX,1976,2172.0945
MEX,1977,2170.5857
MEX,1978,2169.0781
MEX,1979,2167.5715
MEX,1980,2166.066
MEX,1981,2167.0032
MEX,1982,2167.9407
MEX,1983,2168.8787
MEX,1984,2169.817
MEX,1985,2170.7556
MEX,1986,2171.6948
MEX,1987,2172.6345
MEX,1988,2173.5745
MEX,1989,2174.5146
MEX,1990,2175.5708
MEX,1991,2168.1401
MEX,1992,2160.7349
MEX,1993,2153.3547
MEX,1994,2146
MEX,1995,2161
MEX,1996,2192
MEX,1997,2241
MEX,1998,2168
MEX,1999,2242
MEX,2000,2174
MEX,2001,2146
MEX,2002,2196
MEX,2003,2143
MEX,2004,2123
MEX,2005,2105
MEX,2006,2067
MEX,2007,2045
MEX,2008,2105
MEX,2009,1973
MEX,2010,2150
MEX,2011,2121
MEX,2012,2120
MEX,2013,2136
MEX,2014,2134
MEX,2015,2140
MEX,2016,2146
MEX,2017,2148
MEX,2018,2149
MEX,2019,2137
MMR,1970,2446.7158
MMR,1971,2446.4272
MMR,1972,2446.1604
MMR,1973,2445.9138
MMR,1974,2445.0476
MMR,1975,2444.198
MMR,1976,2442.7712
MMR,1977,2441.4395
MMR,1978,2440.1946
MMR,1979,2439.0305
MMR,1980,2437.9404
MMR,1981,2436.8157
MMR,1982,2435.7341
MMR,1983,2434.6897
MMR,1984,2435.039
MMR,1985,2435.405
MMR,1986,2436.229
MMR,1987,2437.0496
MMR,1988,2437.8684
MMR,1989,2438.6887
MMR,1990,2439.5107
MMR,1991,2440.864
MMR,1992,2441.476
MMR,1993,2442.0808
MMR,1994,2442.6738
MMR,1995,2443.2498
MMR,1996,2443.6636
MMR,1997,2444.0112
MMR,1998,2444.3064
MMR,1999,2444.5588
MMR,2000,2444.775
MMR,2001,2444.7783
MMR,2002,2444.7878
MMR,2003,2444.793
MMR,2004,2444.7822
MMR,2005,2444.7424
MMR,2006,2444.4126
MMR,2007,2444.0632
MMR,2008,2443.6855
MMR,2009,2443.2664
MMR,2010,2442.7847
MMR,2011,2443.0708
MMR,2012,2443.351
MMR,2013,2443.6084
MMR,2014,2443.8052
MMR,2015,2445.9854
MMR,2016,2445.278
MMR,2017,2447.0576
MMR,2018,2447.0576
MMR,2019,2447.0576
NLD,1950,1997.1256
NLD,1951,1982.449
NLD,1952,1967.8804
NLD,1953,1953.4187
NLD,1954,1939.0634
NLD,1955,1924.8135
NLD,1956,1910.6685
NLD,1957,1896.6272
NLD,1958,1882.6892
NLD,1959,1868.8536
NLD,1960,1855.1198
NLD,1961,1853.4475
NLD,1962,1851.7766
NLD,1963,1850.1073
NLD,1964,1848.4396
NLD,1965,1846.7732
NLD,1966,1845.1084
NLD,1967,1843.4452
NLD,1968,1841.7833
NLD,1970,1838.4642
NLD,1971,1804.9253
NLD,1972,1803.1753
NLD,1973,1776.7283
NLD,1974,1723.1632
NLD,1975,1669.9843
NLD,1976,1654.0852
NLD,1977,1633.8273
NLD,1978,1605.2372
NLD,1979,1583.7712
NLD,1980,1580.8383
NLD,1981,1580.3132
NLD,1982,1565.7872
NLD,1983,1550.8422
NLD,1984,1542.7102
NLD,1985,1526.2343
NLD,1986,1511.2732
NLD,1987,1489.9781
NLD,1988,1486.7662
NLD,1989,1482.0112
NLD,1990,1476.1852
NLD,1991,1467.0712
NLD,1992,1473.4852
NLD,1993,1463.1522
NLD,1994,1470.7961
NLD,1995,1481.5582
NLD,1996,1496.4504
NLD,1997,1481.9673
NLD,1998,1478.7218
NLD,1999,1477.1741
NLD,2000,1464.0614
NLD,2001,1454.0769
NLD,2002,1436.3766
NLD,2003,1427.8278
NLD,2004,1447.8953
NLD,2005,1433.6118
NLD,2006,1430.4471
NLD,2007,1429.172
NLD,2008,1428.5663
NLD,2009,1420.0471
NLD,2010,1419.6334
NLD,2011,1420.1803
NLD,2012,1410.5098
NLD,2013,1414.699
NLD,2014,1425.5953
NLD,2015,1425.8136
NLD,2016,1437.3094
NLD,2017,1436.7656
NLD,2018,1436.4033
NLD,2019,1439.7316
NZL,1970,1866.5929
NZL,1971,1863.3785
NZL,1972,1848.9143
NZL,1973,1846.6041
NZL,1974,1855.0415
NZL,1975,1839.2715
NZL,1976,1836.0573
NZL,1977,1841.4813
NZL,1978,1832.6421
NZL,1979,1823.401
NZL,1980,1812.5527
NZL,1981,1794.4724
NZL,1982,1801.805
NZL,1983,1855.4434
NZL,1984,1848.9143
NZL,1985,1842.8876
NZL,1986,1836.5594
NZL,1987,1840.9364
NZL,1988,1832.2943
NZL,1989,1819.4994
NZL,1990,1808.2944
NZL,1991,1795.9989
NZL,1992,1804.7196
NZL,1993,1857.0074
NZL,1994,1851.4657
NZL,1995,1845.4526
NZL,1996,1838.873
NZL,1997,1823.3864
NZL,1998,1824.1101
NZL,1999,1840.1752
NZL,2000,1836.3623
NZL,2001,1820.9353
NZL,2002,1820.7598
NZL,2003,1818.1693
NZL,2004,1832.7631
NZL,2005,1812.7422
NZL,2006,1796.3708
NZL,2007,1777.8048
NZL,2008,1759.5819
NZL,2009,1741.7538
NZL,2010,1759.7902
NZL,2011,1746.3176
NZL,2012,1739.5579
NZL,2013,1756.7349
NZL,2014,1756.5542
NZL,2015,1750.8633
NZL,2016,1764.1296
NZL,2017,1752.575
NZL,2018,1769.085
NZL,2019,1778.9844
NOR,1950,2129.1875
NOR,1951,2118.4055
NOR,1952,2107.6782
NOR,1953,2097.0051
NOR,1954,2086.3862
NOR,1955,2075.821
NOR,1956,2065.3093
NOR,1957,2054.8508
NOR,1958,2044.4453
NOR,1959,2034.0925
NOR,1960,2023.7922
NOR,1961,2009.4088
NOR,1962,1995.1277
NOR,1963,1986.1271
NOR,1964,1996.1278
NOR,1965,1951.1249
NOR,1966,1952.1249
NOR,1967,1936.1239
NOR,1968,1897.1215
NOR,1969,1849.1183
NOR,1970,1835.1174
NOR,1971,1814.1161
NOR,1972,1781.114
NOR,1973,1767.113
NOR,1974,1745.1117
NOR,1975,1728.1106
NOR,1976,1674.4705
NOR,1977,1638.2864
NOR,1978,1601.8124
NOR,1979,1579.9159
NOR,1980,1580.0822
NOR,1981,1570.1976
NOR,1982,1558.7639
NOR,1983,1552.7919
NOR,1984,1548.3871
NOR,1985,1542.4227
NOR,1986,1538.4615
NOR,1987,1510.9353
NOR,1988,1513.3364
NOR,1989,1510.5973
NOR,1990,1502.4296
NOR,1991,1500.4907
NOR,1992,1510.3245
NOR,1993,1506.5886
NOR,1994,1504.5739
NOR,1995,1487.7358
NOR,1996,1482.2007
NOR,1997,1477.5382
NOR,1998,1475.7112
NOR,1999,1474.8483
NOR,2000,1456.4656
NOR,2001,1423.9829
NOR,2002,1406.8015
NOR,2003,1389.4231
NOR,2004,1404.9695
NOR,2005,1406.3848
NOR,2006,1399.6655
NOR,2007,1405.2314
NOR,2008,1406.7863
NOR,2009,1387.0841
NOR,2010,1395.3671
NOR,2011,1400.1548
NOR,2012,1396.2837
NOR,2013,1386.7217
NOR,2014,1389.3838
NOR,2015,1391.9468
NOR,2016,1394.4751
NOR,2017,1380.779
NOR,2018,1382.5215
NOR,2019,1384.0732
PAK,1970,2241.6816
PAK,1971,2239.4163
PAK,1972,2241.001
PAK,1973,2239.3914
PAK,1974,2237.6174
PAK,1975,2234.9885
PAK,1976,2230.0996
PAK,1977,2225.8164
PAK,1978,2222.1624
PAK,1979,2218.0256
PAK,1980,2220.1873
PAK,1981,2174.689
PAK,1982,2178.4531
PAK,1983,2186.1406
PAK,1984,2189.9128
PAK,1985,2206.7747
PAK,1986,2203.4758
PAK,1987,2188.149
PAK,1988,2202.2605
PAK,1989,2203.7883
PAK,1990,2205.6318
PAK,1991,2205.4634
PAK,1992,2191.6572
PAK,1993,2194.6763
PAK,1994,2191.8723
PAK,1995,2208.6287
PAK,1996,2206.7068
PAK,1997,2199.7478
PAK,1998,2177.5776
PAK,1999,2179.1953
PAK,2000,2186.4368
PAK,2001,2178.3562
PAK,2002,2169.9292
PAK,2003,2183.7307
PAK,2004,2176.87
PAK,2005,2164.001
PAK,2006,2131.4966
PAK,2007,2135.8044
PAK,2008,2128.708
PAK,2009,2109.1353
PAK,2010,2127.9233
PAK,2011,2114.8743
PAK,2012,2101.5022
PAK,2013,2088.753
PAK,2014,2058.524
PAK,2015,2026.9777
PAK,2016,1997.1259
PAK,2017,1966.9072
PAK,2018,1966.9072
PAK,2019,1966.9072
PER,1950,2508.684
PER,1951,2496.5845
PER,1952,2484.5435
PER,1953,2472.5603
PER,1954,2460.6353
PER,1955,2448.7673
PER,1956,2436.9568
PER,1957,2425.2034
PER,1958,2413.5063
PER,1959,2401.866
PER,1960,2390.2817
PER,1961,2378.7532
PER,1962,2367.2805
PER,1963,2355.863
PER,1964,2344.5005
PER,1965,2333.1929
PER,1966,2321.9397
PER,1967,2310.741
PER,1968,2299.5962
PER,1969,2288.5051
PER,1970,2277.4675
PER,1971,2266.4832
PER,1972,2255.552
PER,1973,2244.6733
PER,1974,2237.431
PER,1975,2230.2117
PER,1976,2223.0159
PER,1977,2215.8433
PER,1978,2208.6938
PER,1979,2201.5674
PER,1980,2194.464
PER,1981,2187.3835
PER,1982,2180.326
PER,1983,2173.291
PER,1984,2166.2788
PER,1985,2159.2893
PER,1986,2152.3223
PER,1987,2145.378
PER,1988,2138.4558
PER,1989,2131.556
PER,1990,2124.6785
PER,1991,2120.4773
PER,1992,2126.3252
PER,1993,2119.6294
PER,1994,2117.724
PER,1995,2117.3442
PER,1996,2112.009
PER,1997,2111.4958
PER,1998,2104.9927
PER,1999,2101.3552
PER,2000,2101.2346
PER,2001,2100.585
PER,2002,2098.308
PER,2003,2100.9211
PER,2004,2099.5396
PER,2005,2100.5693
PER,2006,2100.7646
PER,2007,2116.9822
PER,2008,2123.133
PER,2009,2123.4043
PER,2010,2132.4568
PER,2011,2132.8752
PER,2012,2134.4731
PER,2013,2137.3582
PER,2014,2134.6074
PER,2015,2133.8416
PER,2016,2139.4219
PER,2017,2139.6018
PER,2018,2139.6018
PER,2019,2139.6018
PHL,1970,2112.9458
PHL,1971,2115.5515
PHL,1972,2117.7957
PHL,1973,2107.332
PHL,1974,2117.8
PHL,1975,2121.595
PHL,1976,2123.8083
PHL,1977,2159.9517
PHL,1978,2135.3418
PHL,1979,2134.4644
PHL,1980,2133.5127
PHL,1981,2134.4258
PHL,1982,2130.364
PHL,1983,2140.7236
PHL,1984,2171.5496
PHL,1985,2172.6763
PHL,1986,2170.5095
PHL,1987,2179.3064
PHL,1988,2187.5867
PHL,1989,2197.496
PHL,1990,2191.8508
PHL,1991,2176.2502
PHL,1992,2176.111
PHL,1993,2136.0938
PHL,1994,2149.9868
PHL,1995,2130.2139
PHL,1996,2094.3843
PHL,1997,2146.5935
PHL,1998,2105.0266
PHL,1999,2115.5798
PHL,2000,2160.4536
PHL,2001,2067.63
PHL,2002,2061.2559
PHL,2003,2077.3525
PHL,2004,2084.008
PHL,2005,2103.0906
PHL,2006,2077.1858
PHL,2007,2092.1143
PHL,2008,2112.779
PHL,2009,2117.4182
PHL,2010,2124.38
PHL,2011,2127.2083
PHL,2012,2131.9248
PHL,2013,2140.265
PHL,2014,2142.9832
PHL,2015,2149.714
PHL,2016,2159.475
PHL,2017,2168.2964
PHL,2018,2168.2964
PHL,2019,2168.2964
POL,1995,2081.8984
POL,1996,2082.0464
POL,1997,2081.8523
POL,1998,2081.7954
POL,1999,2115.1575
POL,2000,2081.6973
POL,2001,2083.691
POL,2002,2078.475
POL,2003,2084.172
POL,2004,2084.5327
POL,2005,2079.0483
POL,2006,2080.5796
POL,2007,2077.6145
POL,2008,2069.6
POL,2009,2054
POL,2010,2048.8
POL,2011,2043.6
POL,2012,2038.4
POL,2013,2034.7546
POL,2014,2041.3219
POL,2015,2049.009
POL,2016,2051.4792
POL,2017,2029.3583
POL,2018,2002.1515
POL,2019,2022.6322
PRT,1950,2404.8994
PRT,1951,2389.6191
PRT,1952,2374.436
PRT,1953,2359.3494
PRT,1954,2344.3586
PRT,1955,2329.463
PRT,1956,2314.662
PRT,1957,2299.955
PRT,1958,2285.3418
PRT,1959,2270.821
PRT,1960,2256.3928
PRT,1961,2243.9658
PRT,1962,2231.6072
PRT,1963,2219.3164
PRT,1964,2207.0935
PRT,1965,2194.938
PRT,1966,2182.8494
PRT,1967,2170.8274
PRT,1968,2158.8716
PRT,1969,2146.9817
PRT,1970,2102.0688
PRT,1971,2101.8264
PRT,1972,2101.4292
PRT,1973,2100.073
PRT,1974,2109.89
PRT,1975,2110.0254
PRT,1976,2105.6685
PRT,1977,2106.602
PRT,1978,2091.967
PRT,1979,2076.9585
PRT,1980,2058.1628
PRT,1981,2040.8198
PRT,1982,2020.7288
PRT,1983,2002.732
PRT,1984,1985.7291
PRT,1985,1971.3138
PRT,1986,1958.9088
PRT,1987,1974.2623
PRT,1988,1954.378
PRT,1989,1982.8489
PRT,1990,1972.38
PRT,1991,1893.1431
PRT,1992,1876.2561
PRT,1993,1863.662
PRT,1994,1859.3296
PRT,1995,1897.7178
PRT,1996,1898.7712
PRT,1997,1893.7205
PRT,1998,1909.1866
PRT,1999,1910.9542
PRT,2000,1920.5614
PRT,2001,1903.9318
PRT,2002,1896.9854
PRT,2003,1889.9554
PRT,2004,1896.0876
PRT,2005,1898.144
PRT,2006,1886.3387
PRT,2007,1903.4843
PRT,2008,1890.3618
PRT,2009,1890.7941
PRT,2010,1893.6356
PRT,2011,1870.6033
PRT,2012,1853.0902
PRT,2013,1863.2164
PRT,2014,1870.8342
PRT,2015,1878.6017
PRT,2016,1884.8296
PRT,2017,1873.6191
PRT,2018,1867.852
PRT,2019,1864.5884
ROU,1995,1822.6454
ROU,1996,1861.4635
ROU,1997,1860.5239
ROU,1998,1859.1493
ROU,1999,1850.0447
ROU,2000,1852.999
ROU,2001,1852.4805
ROU,2002,1867.1761
ROU,2003,1837.0599
ROU,2004,1886.5806
ROU,2005,1876.9961
ROU,2006,1836.0746
ROU,2007,1839.9408
ROU,2008,1835.2521
ROU,2009,1815.4971
ROU,2010,1840.669
ROU,2011,1849.2693
ROU,2012,1811.5428
ROU,2013,1806.4569
ROU,2014,1792.5336
ROU,2015,1785.6711
ROU,2016,1809.0284
ROU,2017,1785.7968
ROU,2018,1787.7664
ROU,2019,1791.7355
RUS,1992,1933
RUS,1993,1939
RUS,1994,1895
RUS,1995,1891
RUS,1996,1894
RUS,1997,1951
RUS,1998,1946
RUS,1999,1964
RUS,2000,1982
RUS,2001,1980
RUS,2002,1982
RUS,2003,1993
RUS,2004,1993
RUS,2005,1989
RUS,2006,1998
RUS,2007,1999
RUS,2008,1997
RUS,2009,1974
RUS,2010,1976
RUS,2011,1979
RUS,2012,1982
RUS,2013,1980
RUS,2014,1985
RUS,2015,1978
RUS,2016,1974
RUS,2017,1979
RUS,2018,1970
RUS,2019,1965
SGP,1960,2400.3904
SGP,1961,2395.051
SGP,1962,2389.7234
SGP,1963,2384.4077
SGP,1964,2379.104
SGP,1965,2373.8118
SGP,1966,2368.5315
SGP,1967,2363.263
SGP,1968,2358.006
SGP,1969,2352.761
SGP,1970,2347.5276
SGP,1971,2347.4712
SGP,1972,2347.384
SGP,1973,2347.3052
SGP,1974,2347.2998
SGP,1975,2326.0078
SGP,1976,2352.1516
SGP,1977,2297.761
SGP,1978,2297.0076
SGP,1979,2272.6187
SGP,1980,2281.1914
SGP,1981,2308.313
SGP,1982,2314.7854
SGP,1983,2320.068
SGP,1984,2329.5845
SGP,1985,2288.495
SGP,1986,2322.7869
SGP,1987,2353.9058
SGP,1988,2367.778
SGP,1989,2427.1814
SGP,1990,2431.6875
SGP,1991,2451.9624
SGP,1992,2455.6333
SGP,1993,2482.596
SGP,1994,2498.54
SGP,1995,2512.1887
SGP,1996,2533.2266
SGP,1997,2547.5059
SGP,1998,2535.0984
SGP,1999,2556.5112
SGP,2000,2574.2783
SGP,2001,2553.5078
SGP,2002,2545.0193
SGP,2003,2550.024
SGP,2004,2515.5842
SGP,2005,2515.7249
SGP,2006,2507.1008
SGP,2007,2484.9014
SGP,2008,2477.469
SGP,2009,2440.5144
SGP,2010,2476.2314
SGP,2011,2433.7263
SGP,2012,2441.2637
SGP,2013,2430.6667
SGP,2014,2390.9858
SGP,2015,2362.4236
SGP,2016,2351.1113
SGP,2017,2333.3447
SGP,2018,2306.0088
SGP,2019,2330.1658
SVK,1990,1827.6455
SVK,1991,1827.7343
SVK,1992,1827.675
SVK,1993,1827.8033
SVK,1994,1827.4283
SVK,1995,1853.0483
SVK,1996,1819.6322
SVK,1997,1829.9979
SVK,1998,1821.8607
SVK,1999,1816.2406
SVK,2000,1815.6061
SVK,2001,1800.7356
SVK,2002,1754.074
SVK,2003,1697.5651
SVK,2004,1741.9944
SVK,2005,1769.4879
SVK,2006,1774.454
SVK,2007,1791.201
SVK,2008,1793.3569
SVK,2009,1780.3383
SVK,2010,1805.1501
SVK,2011,1793.0128
SVK,2012,1789.0425
SVK,2013,1771.6141
SVK,2014,1759.6132
SVK,2015,1754.0863
SVK,2016,1740.0107
SVK,2017,1713.781
SVK,2018,1703.9254
SVK,2019,1694.9402
SVN,1995,1755.705
SVN,1996,1727.5955
SVN,1997,1715.1057
SVN,1998,1728.2947
SVN,1999,1730.0756
SVN,2000,1710.0728
SVN,2001,1695.8553
SVN,2002,1720.4906
SVN,2003,1723.7886
SVN,2004,1736.5251
SVN,2005,1696.5479
SVN,2006,1667.4188
SVN,2007,1654.9103
SVN,2008,1673.4811
SVN,2009,1678.9883
SVN,2010,1680.3325
SVN,2011,1663.3593
SVN,2012,1644.3524
SVN,2013,1662.2393
SVN,2014,1681.75
SVN,2015,1687.3127
SVN,2016,1652.3846
SVN,2017,1621.4988
SVN,2018,1598.7039
SVN,2019,1592.934
ZAF,2001,2376.3381
ZAF,2002,2382.7659
ZAF,2003,2318.6794
ZAF,2004,2342.2734
ZAF,2005,2399.4282
ZAF,2006,2315.748
ZAF,2007,2322.1228
ZAF,2008,2284.2344
ZAF,2009,2249.3083
ZAF,2010,2235.743
ZAF,2011,2254.5857
ZAF,2012,2224.1082
ZAF,2013,2211.9863
ZAF,2014,2209.0916
ZAF,2016,2218.455
ZAF,2017,2197.0332
ZAF,2018,2191.3633
ZAF,2019,2191.3633
KOR,1953,2484.4868
KOR,1954,2520.6353
KOR,1955,2557.3096
KOR,1956,2594.5176
KOR,1957,2632.2668
KOR,1958,2670.5654
KOR,1959,2709.4214
KOR,1960,2748.8425
KOR,1961,2788.8372
KOR,1962,2829.4138
KOR,1963,2870.5808
KOR,1964,2779.931
KOR,1965,2900.7974
KOR,1966,2882.6675
KOR,1967,2918.9275
KOR,1968,2973.3174
KOR,1969,3039.794
KOR,1970,2918.9275
KOR,1971,2913.0852
KOR,1972,2907.2305
KOR,1973,2901.4478
KOR,1974,2895.6477
KOR,1975,2889.8525
KOR,1976,2884.0376
KOR,1977,2878.3147
KOR,1978,2872.5322
KOR,1979,2866.8564
KOR,1980,2860.942
KOR,1981,2876.925
KOR,1982,2889.9111
KOR,1983,2907.8918
KOR,1984,2903.896
KOR,1985,2878.9229
KOR,1986,2907.8918
KOR,1987,2876.925
KOR,1988,2830.974
KOR,1989,2728.084
KOR,1990,2674.1416
KOR,1991,2658.1587
KOR,1992,2636.1824
KOR,1993,2653.164
KOR,1994,2637.1812
KOR,1995,2645.1726
KOR,1996,2634.1843
KOR,1997,2579.2432
KOR,1998,2485.3435
KOR,1999,2492.336
KOR,2000,2509.3179
KOR,2001,2496.3318
KOR,2002,2461.3691
KOR,2003,2421.4119
KOR,2004,2389.446
KOR,2005,2348.4897
KOR,2006,2343.495
KOR,2007,2303.5378
KOR,2008,2216.6306
KOR,2009,2167.4614
KOR,2010,2153.4133
KOR,2011,2126.3198
KOR,2012,2110.2646
KOR,2013,2100.2302
KOR,2014,2070.3123
KOR,2015,2077.2932
KOR,2016,2062.3342
KOR,2017,2012.4713
KOR,2018,1987.5397
KOR,2019,1979.5262
ESP,1950,2209.257
ESP,1951,2205.0786
ESP,1952,2201.016
ESP,1953,2197.0557
ESP,1954,2214.114
ESP,1955,2196.0244
ESP,1956,2179.8887
ESP,1957,2164.8123
ESP,1958,2150.18
ESP,1959,2139.6284
ESP,1960,2130.374
ESP,1961,2112.1174
ESP,1962,2094.913
ESP,1963,2077.9846
ESP,1964,2032.2559
ESP,1965,2024.5305
ESP,1966,2025.9194
ESP,1967,2034.7692
ESP,1968,1997.013
ESP,1969,1988.7646
ESP,1970,1996.7205
ESP,1971,1996.8364
ESP,1972,1992.6925
ESP,1973,1980.8545
ESP,1974,1987.0275
ESP,1975,1996.8555
ESP,1976,2006.9664
ESP,1977,2000.7765
ESP,1978,1973.5525
ESP,1979,1929.8564
ESP,1980,1918.1224
ESP,1981,1884.0204
ESP,1982,1862.9254
ESP,1983,1830.7574
ESP,1984,1786.6924
ESP,1985,1776.7004
ESP,1986,1768.6674
ESP,1987,1760.6494
ESP,1988,1756.5784
ESP,1989,1744.5604
ESP,1990,1746.5284
ESP,1991,1755.5294
ESP,1992,1747.5654
ESP,1993,1739.5524
ESP,1994,1738.5074
ESP,1995,1738.7964
ESP,1996,1740.3392
ESP,1997,1742.6367
ESP,1998,1751.1058
ESP,1999,1756.2737
ESP,2000,1752.8208
ESP,2001,1762.0698
ESP,2002,1763.6475
ESP,2003,1754.6332
ESP,2004,1739.9012
ESP,2005,1723.7191
ESP,2006,1713.7406
ESP,2007,1701.3077
ESP,2008,1710.1262
ESP,2009,1715.8046
ESP,2010,1705.7755
ESP,2011,1710.6917
ESP,2012,1696.7266
ESP,2013,1689.8245
ESP,2014,1690.564
ESP,2015,1694.2372
ESP,2016,1701.4501
ESP,2017,1689.4762
ESP,2018,1695.501
ESP,2019,1685.9515
LKA,1970,1895.5146
LKA,1971,1895.1642
LKA,1972,1894.9242
LKA,1973,1894.8062
LKA,1974,1894.7361
LKA,1975,1894.6537
LKA,1976,1894.2008
LKA,1977,1949.3335
LKA,1978,1953.1152
LKA,1979,1956.9513
LKA,1980,1960.8511
LKA,1981,1968.4738
LKA,1982,1972.9618
LKA,1983,1986.3512
LKA,1984,1966.2671
LKA,1985,1893.4132
LKA,1986,1956.422
LKA,1987,1962.9956
LKA,1988,1969.5181
LKA,1989,1976.1238
LKA,1990,1982.9016
LKA,1991,1998.1084
LKA,1992,2001.6265
LKA,1993,2017.4285
LKA,1994,1961.7678
LKA,1995,1943.4846
LKA,1996,1936.9487
LKA,1997,1894.8599
LKA,1998,1910.4878
LKA,1999,1932.7937
LKA,2000,2000.7396
LKA,2001,1975.6603
LKA,2002,1812.2015
LKA,2003,1733.8713
LKA,2004,1856.2976
LKA,2005,1887.6926
LKA,2006,1835.4296
LKA,2007,1861.298
LKA,2008,1823.991
LKA,2009,1810.6287
LKA,2010,1872.336
LKA,2011,1993.6793
LKA,2012,2052.9534
LKA,2013,1896.6604
LKA,2014,1926.3551
LKA,2015,1924.0125
LKA,2016,1922.449
LKA,2017,1922.5132
LKA,2018,1922.5132
LKA,2019,1922.5132
SWE,1950,2005.2626
SWE,1951,1995.465
SWE,1952,1995.465
SWE,1953,1975.8695
SWE,1954,1986.7559
SWE,1955,1975.8695
SWE,1956,1950.8309
SWE,1957,1950.8309
SWE,1958,1919.2606
SWE,1959,1893.1334
SWE,1960,1888.7788
SWE,1961,1890.956
SWE,1962,1878.9812
SWE,1963,1872.4493
SWE,1964,1841.9677
SWE,1965,1831.0813
SWE,1966,1816.9291
SWE,1967,1786.4473
SWE,1968,1742.902
SWE,1969,1720.0406
SWE,1970,1703.7112
SWE,1971,1672.1832
SWE,1972,1633.2871
SWE,1973,1617.4052
SWE,1974,1599.0721
SWE,1975,1575.3861
SWE,1976,1588.1461
SWE,1977,1557.8522
SWE,1978,1520.7782
SWE,1979,1511.5731
SWE,1980,1514.6051
SWE,1981,1506.2222
SWE,1982,1520.3322
SWE,1983,1529.6162
SWE,1984,1531.7902
SWE,1985,1535.8221
SWE,1986,1533.8431
SWE,1987,1543.9462
SWE,1988,1563.4882
SWE,1989,1562.3412
SWE,1990,1558.6711
SWE,1991,1545.4252
SWE,1992,1563.0082
SWE,1993,1594.6812
SWE,1994,1633.4432
SWE,1995,1638.931
SWE,1996,1651.4807
SWE,1997,1656.3065
SWE,1998,1655.1837
SWE,1999,1664.7767
SWE,2000,1643.4385
SWE,2001,1620.1521
SWE,2002,1597.025
SWE,2003,1583.2998
SWE,2004,1606.8491
SWE,2005,1605.5138
SWE,2006,1603.9514
SWE,2007,1616.8903
SWE,2008,1627.1318
SWE,2009,1613.0963
SWE,2010,1640.5142
SWE,2011,1640.9915
SWE,2012,1627.2946
SWE,2013,1617.9559
SWE,2014,1619.4305
SWE,2015,1620.9257
SWE,2016,1634.1693
SWE,2017,1621.4727
SWE,2018,1620.7349
SWE,2019,1605.2766
CHE,1950,2039.9952
CHE,1951,2032.3508
CHE,1952,2024.7351
CHE,1953,2017.148
CHE,1954,2009.5891
CHE,1955,2002.0587
CHE,1956,1994.5564
CHE,1957,1987.0823
CHE,1958,1979.6362
CHE,1959,1972.218
CHE,1960,1964.8275
CHE,1961,1967.6351
CHE,1962,1970.4468
CHE,1963,1973.2623
CHE,1964,1976.082
CHE,1965,1978.9056
CHE,1966,1981.7334
CHE,1967,1984.5652
CHE,1968,1987.401
CHE,1969,1990.2408
CHE,1970,1993.0847
CHE,1971,1982.7787
CHE,1972,1958.4653
CHE,1973,1931.6665
CHE,1974,1902.8224
CHE,1975,1894.04
CHE,1976,1890.9156
CHE,1977,1863.4858
CHE,1978,1849.0386
CHE,1979,1836.3763
CHE,1980,1821.8396
CHE,1981,1802.5231
CHE,1982,1791.4211
CHE,1983,1776.668
CHE,1984,1757.5706
CHE,1985,1751.3289
CHE,1986,1742.7521
CHE,1987,1741.4824
CHE,1988,1740.955
CHE,1989,1725.7891
CHE,1990,1716.2208
CHE,1991,1713.7753
CHE,1992,1723.1902
CHE,1993,1719.4904
CHE,1994,1741.3113
CHE,1995,1720.2662
CHE,1996,1696.872
CHE,1997,1687.4536
CHE,1998,1695.5344
CHE,1999,1717.401
CHE,2000,1712.743
CHE,2001,1672.8507
CHE,2002,1651.2583
CHE,2003,1664.5405
CHE,2004,1694.9532
CHE,2005,1689.9702
CHE,2006,1679.2384
CHE,2007,1668.87
CHE,2008,1659.459
CHE,2009,1650.7788
CHE,2010,1624.3464
CHE,2011,1619.3169
CHE,2012,1603.2313
CHE,2013,1582.8923
CHE,2014,1575.3215
CHE,2015,1589.4751
CHE,2016,1590.2267
CHE,2017,1569.5309
CHE,2018,1561.1827
CHE,2019,1556.8828
TWN,1951,2356.4001
TWN,1952,2353.4768
TWN,1953,2350.5574
TWN,1954,2347.6414
TWN,1955,2344.729
TWN,1956,2341.8203
TWN,1957,2338.915
TWN,1958,2336.0137
TWN,1959,2333.1157
TWN,1960,2330.2214
TWN,1961,2327.3306
TWN,1962,2324.4436
TWN,1963,2321.56
TWN,1964,2318.68
TWN,1965,2315.8035
TWN,1966,2312.9307
TWN,1967,2310.0613
TWN,1968,2307.1956
TWN,1969,2304.3335
TWN,1970,2301.4749
TWN,1971,2305.1072
TWN,1972,2307.1074
TWN,1973,2305.336
TWN,1974,2307.025
TWN,1975,2308.48
TWN,1976,2307.9958
TWN,1977,2306.3406
TWN,1978,2303.0276
TWN,1979,2336.6174
TWN,1980,2313.9087
TWN,1981,2310.124
TWN,1982,2269.4377
TWN,1983,2254.772
TWN,1984,2254.2988
TWN,1985,2244.3638
TWN,1986,2242.9446
TWN,1987,2276.5342
TWN,1988,2250.5142
TWN,1989,2231.5903
TWN,1990,2230.644
TWN,1991,2217.8704
TWN,1992,2220.2358
TWN,1993,2240.579
TWN,1994,2184.754
TWN,1995,2224.494
TWN,1996,2198.0005
TWN,1997,2141.229
TWN,1998,2192.3232
TWN,1999,2190.431
TWN,2000,2180.4958
TWN,2001,2125.617
TWN,2002,2111.8972
TWN,2003,2117.101
TWN,2004,2135.552
TWN,2005,2127.5093
TWN,2006,2134.6057
TWN,2007,2129.8748
TWN,2008,2073.5764
TWN,2009,2054.1794
TWN,2010,2062.6953
TWN,2011,2052.7603
TWN,2012,2066.9531
TWN,2013,2062.2222
TWN,2015,2152.2898
TWN,2016,2123.7583
TWN,2017,2092.538
TWN,2018,2090.0706
TWN,2019,2085.1353
THA,1970,2455.394
THA,1971,2455.3594
THA,1972,2352.2505
THA,1973,2471.673
THA,1974,2489.017
THA,1975,2461.7449
THA,1976,2457.4932
THA,1977,2453.686
THA,1978,2528.9993
THA,1979,2619.8765
THA,1980,2710.0938
THA,1981,2632.8503
THA,1982,2348.6577
THA,1983,2682.0732
THA,1984,2700.7273
THA,1985,2672.275
THA,1986,2671.416
THA,1987,2625.6653
THA,1988,2648.564
THA,1989,2715.4182
THA,1990,2579.7546
THA,1991,2627.6155
THA,1992,2643.7078
THA,1993,2564.5964
THA,1994,2614.2803
THA,1995,2609.0884
THA,1996,2555.235
THA,1997,2485.231
THA,1998,2533.8186
THA,1999,2498.4678
THA,2000,2502.6597
THA,2001,2404.5066
THA,2002,2393.9397
THA,2003,2383.6968
THA,2004,2389.0012
THA,2005,2337.9426
THA,2006,2325.6519
THA,2007,2329.801
THA,2008,2342.092
THA,2009,2354.112
THA,2010,2349.3564
THA,2011,2357.5464
THA,2012,2312.43
THA,2013,2273.494
THA,2014,2247.321
THA,2015,2186.461
THA,2016,2207.7039
THA,2017,2092.99
THA,2018,2092.99
THA,2019,2092.99
TTO,1991,1585.06
TTO,1992,1564.7506
TTO,1993,1580.2424
TTO,1994,1591.5376
TTO,1995,1602.2916
TTO,1996,1618.5393
TTO,1997,1627.1366
TTO,1998,1630.5153
TTO,1999,1636.525
TTO,2000,1663.8954
TTO,2001,1668.0447
TTO,2002,1634.8004
TUR,1970,2086
TUR,1971,2077
TUR,1972,2069
TUR,1973,2060
TUR,1974,2044
TUR,1975,2028
TUR,1976,2012
TUR,1977,1996
TUR,1978,1980
TUR,1979,1964
TUR,1980,1957
TUR,1981,1950
TUR,1982,1943
TUR,1983,1935
TUR,1984,1871
TUR,1985,1898
TUR,1986,1883
TUR,1987,1844
TUR,1988,1837
TUR,1989,1867
TUR,1990,1866
TUR,1991,1870
TUR,1992,1897
TUR,1993,1917
TUR,1994,1886
TUR,1995,1876
TUR,1996,1892
TUR,1997,1878
TUR,1998,1884
TUR,1999,1925
TUR,2000,1937
TUR,2001,1942
TUR,2002,1943
TUR,2003,1943
TUR,2004,1918
TUR,2005,1936
TUR,2006,1944
TUR,2007,1911
TUR,2008,1900
TUR,2009,1881
TUR,2010,1877
TUR,2011,1864
TUR,2012,1855
TUR,2013,1832
TUR,2014,1832
TUR,2015,1832
TUR,2016,1832
TUR,2017,1832
TUR,2018,1832
TUR,2019,1832
GBR,1950,2183.9436
GBR,1951,2192.6638
GBR,1952,2160.8586
GBR,1953,2164.7798
GBR,1954,2168.931
GBR,1955,2167.363
GBR,1956,2153.7795
GBR,1957,2132.2522
GBR,1958,2102.4534
GBR,1959,2112.238
GBR,1960,2103.5837
GBR,1961,2066.811
GBR,1962,2029.0448
GBR,1963,2020.5967
GBR,1964,2020.8336
GBR,1965,1997.568
GBR,1966,1941.6097
GBR,1967,1929.5275
GBR,1968,1922.2015
GBR,1969,1912.6047
GBR,1970,1870.8944
GBR,1971,1830.1425
GBR,1972,1851.3665
GBR,1973,1860.2523
GBR,1974,1845.297
GBR,1975,1814.0796
GBR,1976,1807.0242
GBR,1977,1816.9293
GBR,1978,1818.0375
GBR,1979,1815.493
GBR,1980,1785.3964
GBR,1981,1749.12
GBR,1982,1745.4192
GBR,1983,1739.5485
GBR,1984,1745.7526
GBR,1985,1748.0818
GBR,1986,1742.7368
GBR,1987,1747.5668
GBR,1988,1754.7257
GBR,1989,1758.5569
GBR,1990,1745.9441
GBR,1991,1720.5466
GBR,1992,1714.3304
GBR,1993,1710.316
GBR,1994,1720.5905
GBR,1995,1722.6252
GBR,1996,1722.0925
GBR,1997,1721.1954
GBR,1998,1716.9994
GBR,1999,1708.6104
GBR,2000,1692.954
GBR,2001,1695.9764
GBR,2002,1678.5614
GBR,2003,1669.3804
GBR,2004,1666.7157
GBR,2005,1669.7372
GBR,2006,1663.9857
GBR,2007,1665.8214
GBR,2008,1660.4688
GBR,2009,1638.3318
GBR,2010,1643.2079
GBR,2011,1639.8158
GBR,2012,1655.019
GBR,2013,1665.9749
GBR,2014,1672.4341
GBR,2015,1669.4652
GBR,2016,1667.6989
GBR,2017,1668.9491
GBR,2018,1663.1888
GBR,2019,1667.9478
USA,1950,1990.1449
USA,1951,2031.6351
USA,1952,2027.8126
USA,1953,2021.4503
USA,1954,1998.1273
USA,1955,2005.5841
USA,1956,1990.4587
USA,1957,1962.6049
USA,1958,1928.4613
USA,1959,1953.8413
USA,1960,1935.2631
USA,1961,1920.7145
USA,1962,1940.2341
USA,1963,1928.4489
USA,1964,1935.1488
USA,1965,1955.0966
USA,1966,1963.9077
USA,1967,1941.0928
USA,1968,1937.4176
USA,1969,1938.0999
USA,1970,1893.4236
USA,1971,1877.6512
USA,1972,1874.2224
USA,1973,1872.6632
USA,1974,1844.7812
USA,1975,1813.248
USA,1976,1809.2971
USA,1977,1809.3767
USA,1978,1815.7156
USA,1979,1817.7139
USA,1980,1801.6115
USA,1981,1790.0056
USA,1982,1770.6661
USA,1983,1779.8716
USA,1984,1795.5767
USA,1985,1801.1373
USA,1986,1780.8394
USA,1987,1788.5175
USA,1988,1798.2715
USA,1989,1810.2931
USA,1990,1795.5679
USA,1991,1787.3378
USA,1992,1774.8828
USA,1993,1789.9547
USA,1994,1807.8274
USA,1995,1817.4744
USA,1996,1823.5205
USA,1997,1828.4883
USA,1998,1839.1962
USA,1999,1841.3335
USA,2000,1844.854
USA,2001,1823.6593
USA,2002,1806.6908
USA,2003,1790.8417
USA,2004,1789.5275
USA,2005,1787.0139
USA,2006,1787.3512
USA,2007,1785.8835
USA,2008,1765.7664
USA,2009,1728.6077
USA,2010,1735.0112
USA,2011,1744.9083
USA,2012,1746.8585
USA,2013,1752.5328
USA,2014,1758.2686
USA,2015,1770.0232
USA,2016,1766.7441
USA,2017,1763.7267
USA,2018,1774.7039
USA,2019,1765.3464
URY,1990,1788
URY,1991,1781.501
URY,1992,1775.0256
URY,1993,1768.5737
URY,1994,1762.1454
URY,1995,1755.7404
URY,1996,1749.3585
URY,1997,1743
URY,1998,1736.6646
URY,1999,1722
URY,2000,1704.0769
URY,2001,1672.7721
URY,2002,1635.8788
URY,2003,1612.8038
URY,2004,1638.4481
URY,2005,1628.0012
URY,2006,1622.7958
URY,2007,1608.5977
URY,2008,1623.3337
URY,2009,1603.9224
URY,2010,1597.6067
URY,2011,1592.4203
URY,2012,1578.6353
URY,2013,1571.7993
URY,2014,1567.3374
URY,2015,1556.4283
URY,2016,1532.5138
URY,2017,1532.5138
URY,2018,1532.5138
URY,2019,1532.5138
VEN,1950,2179
VEN,1951,2162.9802
VEN,1952,2147.0784
VEN,1953,2131.2932
VEN,1954,2115.6243
VEN,1955,2100.0706
VEN,1956,2084.631
VEN,1957,2069.3052
VEN,1958,2054.0918
VEN,1959,2038.9904
VEN,1960,2024
VEN,1961,2016.5787
VEN,1962,2009.1847
VEN,1963,2001.8177
VEN,1964,1994.4778
VEN,1965,1987.1648
VEN,1966,1979.8787
VEN,1967,1972.6191
VEN,1968,1965.3862
VEN,1969,1958.1799
VEN,1970,1951
VEN,1971,1955.6555
VEN,1972,1960.3223
VEN,1973,1965
VEN,1974,1969.5398
VEN,1975,1974.0902
VEN,1976,1978.651
VEN,1977,1983.2224
VEN,1978,1987.8043
VEN,1979,1992.3969
VEN,1980,1997
VEN,1981,1985.9822
VEN,1982,1975.0251
VEN,1983,1964.1285
VEN,1984,1953.2921
VEN,1985,1942.5154
VEN,1986,1931.7982
VEN,1987,1921.1401
VEN,1988,1910.5408
VEN,1989,1900
VEN,1990,1889
VEN,1991,1878.4707
VEN,1992,1868
VEN,1993,1888.8833
VEN,1994,1910
VEN,1995,1915.2285
VEN,1996,1920.4713
VEN,1997,1925.7284
VEN,1998,1931
VEN,1999,1886.8966
VEN,2000,1898.5117
VEN,2001,1869.4724
VEN,2002,1829.0203
VEN,2003,1801.2109
VEN,2004,1896.695
VEN,2005,1922.8501
VEN,2006,1903.8516
VNM,1983,2416.744
VNM,1984,2394.3894
VNM,1985,2379.148
VNM,1986,2370.5808
VNM,1987,2361.2148
VNM,1988,2357.016
VNM,1989,2355.167
VNM,1990,2349.8042
VNM,1991,2346.6719
VNM,1992,2344.2402
VNM,1993,2342.713
VNM,1994,2339.7915
VNM,1995,2336.0488
VNM,1996,2331.6208
VNM,1997,2317.493
VNM,1998,2362.4004
VNM,1999,2362.1482
VNM,2000,2393.6567
VNM,2001,2246.975
VNM,2002,2230.7422
VNM,2003,2254.9006
VNM,2004,2206.9907
VNM,2005,2191.6868
VNM,2006,2239.6477
VNM,2007,2241.1814
VNM,2008,2336.6921
VNM,2009,2405.3694
VNM,2010,2299.9985
VNM,2011,2331.3015
VNM,2012,2310.5212
VNM,2013,2267.4873
VNM,2014,2150.6382
VNM,2015,2191.3704
VNM,2016,2169.5515
VNM,2017,2131.9683
VNM,2018,2131.9683
VNM,2019,2131.9683