ARG,1972,4126.961
ARG,1973,4290.553
ARG,1974,4421.9927
ARG,1975,4296.975
ARG,1976,4237.7773
ARG,1977,4457.05
ARG,1978,4328.4346
ARG,1979,4536.975
ARG,1980,4492.1455
ARG,1981,4459.6807
ARG,1982,4606.9507
ARG,1983,4914.8843
ARG,1984,5155.431
ARG,1985,4955.8945
ARG,1986,5429.1235
ARG,1987,5689.87
ARG,1988,5963.5186
ARG,1989,5657.7783
ARG,1990,6260.611
ARG,1991,7267.511
ARG,1992,8444.155
ARG,1993,9568.051
ARG,1994,11006.12
ARG,1995,12187.799
ARG,1996,15569.968
ARG,1997,15884.046
ARG,1998,15672.702
ARG,1999,14590.631
ARG,2000,14332.45
ARG,2001,13321.491
ARG,2002,11287.75
ARG,2003,12115.066
ARG,2004,13113.357
ARG,2005,14113.8545
ARG,2006,15259.149
ARG,2007,16769.285
ARG,2008,17920.453
ARG,2009,16903.314
ARG,2010,19190.504
ARG,2011,21360.64
ARG,2012,21611.586
ARG,2013,21429.314
ARG,2014,20635.297
ARG,2015,21197.787
ARG,2016,20887.232
ARG,2017,23272.184
ARG,2018,23018.549
ARG,2019,21826.838
AUS,1950,13660.783
AUS,1951,12852.69
AUS,1952,12414.002
AUS,1953,13721.202
AUS,1954,14403.238
AUS,1955,14775.68
AUS,1956,14648.062
AUS,1957,14427.618
AUS,1958,15258.624
AUS,1959,15906.9
AUS,1960,15799.374
AUS,1961,15902.039
AUS,1962,16466.982
AUS,1963,17306.36
AUS,1964,17813.994
AUS,1965,17704.107
AUS,1966,18576.498
AUS,1967,19066.344
AUS,1968,20122.676
AUS,1969,21175.375
AUS,1970,21518.926
AUS,1971,21941.418
AUS,1972,22277.465
AUS,1973,22948.756
AUS,1974,21840.594
AUS,1975,22008.213
AUS,1976,22727.477
AUS,1977,22889.639
AUS,1978,23694.227
AUS,1979,24184.785
AUS,1980,24692.652
AUS,1981,25480.332
AUS,1982,24547.38
AUS,1983,25622.756
AUS,1984,26227.945
AUS,1985,26544.85
AUS,1986,26864.248
AUS,1987,28604.322
AUS,1988,29805.865
AUS,1989,30357.975
AUS,1990,29933.852
AUS,1991,29537.36
AUS,1992,30333.725
AUS,1993,31075.062
AUS,1994,32160.309
AUS,1995,33466.836
AUS,1996,34960.195
AUS,1997,36290.953
AUS,1998,37137.207
AUS,1999,38633.94
AUS,2000,39331.9
AUS,2001,40172.168
AUS,2002,40712.246
AUS,2003,41971.69
AUS,2004,42933.586
AUS,2005,45488.26
AUS,2006,45679.094
AUS,2007,46090.77
AUS,2008,47621.637
AUS,2009,46605.594
AUS,2010,50222.52
AUS,2011,52136.227
AUS,2012,51097.926
AUS,2013,52768.6
AUS,2014,51919.355
AUS,2015,48712.19
AUS,2016,51497.21
AUS,2017,52536.19
AUS,2018,54236.766
AUS,2019,54147.008
AUT,1950,5959.964
AUT,1951,6260.629
AUT,1952,6441.986
AUT,1953,6779.6313
AUT,1954,7251.4297
AUT,1955,7942.9365
AUT,1956,8520.835
AUT,1957,8950.799
AUT,1958,9287.794
AUT,1959,9567.061
AUT,1960,10212.926
AUT,1961,10715.418
AUT,1962,10950.802
AUT,1963,11330.011
AUT,1964,11792.524
AUT,1965,12086.681
AUT,1966,12608.718
AUT,1967,12899.655
AUT,1968,13388.819
AUT,1969,14010.392
AUT,1970,14843.678
AUT,1971,15571.182
AUT,1972,16431.865
AUT,1973,17192.137
AUT,1974,17746.287
AUT,1975,17835.41
AUT,1976,18282.678
AUT,1977,19062.727
AUT,1978,19019.252
AUT,1979,19822.383
AUT,1980,20080.336
AUT,1981,20037.82
AUT,1982,20134.324
AUT,1983,20551.975
AUT,1984,20423.42
AUT,1985,20841.47
AUT,1986,21803.77
AUT,1987,22667.035
AUT,1988,24061.92
AUT,1989,25263.441
AUT,1990,26615.162
AUT,1991,27652.299
AUT,1992,28590.305
AUT,1993,28989.445
AUT,1994,30206.715
AUT,1995,31342.947
AUT,1996,31967.035
AUT,1997,33539.09
AUT,1998,34845.543
AUT,1999,36093.906
AUT,2000,38036.566
AUT,2001,37042.785
AUT,2002,37653.426
AUT,2003,38394.566
AUT,2004,39732.598
AUT,2005,43298.79
AUT,2006,43980.133
AUT,2007,45328.258
AUT,2008,46818.812
AUT,2009,44564.95
AUT,2010,45806.348
AUT,2011,47593.11
AUT,2012,48182.363
AUT,2013,47261.83
AUT,2014,49125.188
AUT,2015,49618.703
AUT,2016,49865.79
AUT,2017,51954.277
AUT,2018,52968.19
AUT,2019,53344.508
BGD,1970,1566.8899
BGD,1971,1518.9908
BGD,1972,1427.8574
BGD,1973,1198.7164
BGD,1974,1205.3618
BGD,1975,1141.5897
BGD,1976,1265.2644
BGD,1977,1324.5385
BGD,1978,1327.3186
BGD,1979,1372.1932
BGD,1980,1333.4319
BGD,1981,1325.1575
BGD,1982,1288.6855
BGD,1983,1280.0214
BGD,1984,1369.7687
BGD,1985,1393.2859
BGD,1986,1390.7646
BGD,1987,1360.6252
BGD,1988,1383.9873
BGD,1989,1502.3505
BGD,1990,1531.382
BGD,1991,1553.5822
BGD,1992,1562.9657
BGD,1993,1568.4761
BGD,1994,1607.5397
BGD,1995,1648.079
BGD,1996,1660.2803
BGD,1997,1623.2451
BGD,1998,1577.4174
BGD,1999,1499.0077
BGD,2000,1520.2449
BGD,2001,1535.8394
BGD,2002,1588.2731
BGD,2003,1606.8379
BGD,2004,1621.7179
BGD,2005,1666.4171
BGD,2006,1793.9163
BGD,2007,1978.3098
BGD,2008,2193.2632
BGD,2009,2353.637
BGD,2010,2650.6636
BGD,2011,3030.0151
BGD,2012,3113.8965
BGD,2013,3260.8838
BGD,2014,3453.2925
BGD,2015,3714.8008
BGD,2016,3833.7283
BGD,2017,4112.704
BGD,2018,4428.1455
BGD,2019,4658.01
BEL,1950,8348.565
BEL,1951,8653.754
BEL,1952,8795.961
BEL,1953,9025.455
BEL,1954,9392.506
BEL,1955,9757.859
BEL,1956,9976.829
BEL,1957,10074.675
BEL,1958,9884.44
BEL,1959,10124.746
BEL,1960,10628.077
BEL,1961,11145.608
BEL,1962,11681.076
BEL,1963,12054.987
BEL,1964,12765.856
BEL,1965,13103.903
BEL,1966,13376.343
BEL,1967,13816.649
BEL,1968,14354.845
BEL,1969,15203.515
BEL,1970,16048.811
BEL,1971,16628.863
BEL,1972,17589.055
BEL,1973,18764.482
BEL,1974,19571.904
BEL,1975,19349.268
BEL,1976,20569.395
BEL,1977,20845.205
BEL,1978,21623.287
BEL,1979,22274.781
BEL,1980,23806.79
BEL,1981,22679.863
BEL,1982,21934.953
BEL,1983,21274.96
BEL,1984,21207.998
BEL,1985,20143.088
BEL,1986,21584.13
BEL,1987,22772.012
BEL,1988,24514.705
BEL,1989,25045.986
BEL,1990,26114.314
BEL,1991,26425.402
BEL,1992,27306.836
BEL,1993,27369.021
BEL,1994,27974.865
BEL,1995,29060.271
BEL,1996,28905.15
BEL,1997,30190.76
BEL,1998,30345.209
BEL,1999,31710.693
BEL,2000,33739.33
BEL,2001,33801.445
BEL,2002,34587.23
BEL,2003,35921.406
BEL,2004,36637.98
BEL,2005,40701.17
BEL,2006,39286.82
BEL,2007,40197.406
BEL,2008,43370.99
BEL,2009,41608.61
BEL,2010,44733.914
BEL,2011,44285.63
BEL,2012,44366.01
BEL,2013,43980.91
BEL,2014,43960.465
BEL,2015,42891.355
BEL,2016,43413.094
BEL,2017,45150.195
BEL,2018,44205.297
BEL,2019,44839.68
BRA,1950,1664.8303
BRA,1951,1666.4501
BRA,1952,1790.9985
BRA,1953,1798.0557
BRA,1954,1895.4573
BRA,1955,1981.2771
BRA,1956,1994.5101
BRA,1957,2105.5642
BRA,1958,2162.4583
BRA,1959,2195.661
BRA,1960,2336.8499
BRA,1961,2584.3394
BRA,1962,2700.0842
BRA,1963,2803.2532
BRA,1964,2844.5908
BRA,1965,2937.4858
BRA,1966,2993.1567
BRA,1967,3158.6145
BRA,1968,3392.4846
BRA,1969,3358.197
BRA,1970,3726.383
BRA,1971,4081.37
BRA,1972,4466.197
BRA,1973,4952.5728
BRA,1974,5260.826
BRA,1975,5355.2227
BRA,1976,5679.349
BRA,1977,5674.635
BRA,1978,5764.5215
BRA,1979,6014.7754
BRA,1980,5876.957
BRA,1981,5949.227
BRA,1982,5947.452
BRA,1983,5689.513
BRA,1984,5770.7944
BRA,1985,5942.8237
BRA,1986,6652.9414
BRA,1987,6739.375
BRA,1988,6660.645
BRA,1989,6684.725
BRA,1990,6406.3853
BRA,1991,6870.1934
BRA,1992,6943.6846
BRA,1993,7364.7383
BRA,1994,8154.492
BRA,1995,9343.925
BRA,1996,11043.685
BRA,1997,10535.267
BRA,1998,9941.913
BRA,1999,9463.232
BRA,2000,9460.318
BRA,2001,9288.298
BRA,2002,9232.4375
BRA,2003,9082.942
BRA,2004,9449.636
BRA,2005,9686.668
BRA,2006,10455.969
BRA,2007,11527.026
BRA,2008,12705.692
BRA,2009,13057.089
BRA,2010,15012.523
BRA,2011,16611.414
BRA,2012,16416.596
BRA,2013,16445.102
BRA,2014,16262.959
BRA,2015,15077.577
BRA,2016,14219.3955
BRA,2017,14284.612
BRA,2018,14522.992
BRA,2019,14593.961
BGR,1995,10361.104
BGR,1996,9957.917
BGR,1997,7654.9644
BGR,1998,9056.117
BGR,1999,9082.772
BGR,2000,9956.198
BGR,2001,10270.034
BGR,2002,10737.501
BGR,2003,11144.845
BGR,2004,11735.487
BGR,2005,13120.203
BGR,2006,13993.135
BGR,2007,15213.048
BGR,2008,16406.996
BGR,2009,15935.777
BGR,2010,16649.312
BGR,2011,16569.482
BGR,2012,17080.576
BGR,2013,16343.87
BGR,2014,16967.645
BGR,2015,17693.727
BGR,2016,18665.13
BGR,2017,19579.834
BGR,2018,20390.068
BGR,2019,21347.125
KHM,1993,1260.4546
KHM,1994,1362.662
KHM,1995,1448.8633
KHM,1996,1337.8323
KHM,1997,1339.7513
KHM,1998,1261.9955
KHM,1999,1326.7015
KHM,2000,1397.3701
KHM,2001,1470.0815
KHM,2002,1545.2461
KHM,2003,1641.2275
KHM,2004,1719.1466
KHM,2005,1984.006
KHM,2006,2081.027
KHM,2007,2307.1787
KHM,2008,2536.2568
KHM,2009,2369.3308
KHM,2010,2470.1335
KHM,2011,2657.1636
KHM,2012,2878.9788
KHM,2013,3102.1301
KHM,2014,3171.4949
KHM,2015,3481.1858
KHM,2016,3681.8535
KHM,2017,3950.9294
KHM,2018,4267.497
KHM,2019,4500.0527
CAN,1950,12878.901
CAN,1951,13025.046
CAN,1952,13720.402
CAN,1953,13979.352
CAN,1954,13520.334
CAN,1955,14329.359
CAN,1956,15133.296
CAN,1957,15001.768
CAN,1958,14962.046
CAN,1959,15198.114
CAN,1960,15393.973
CAN,1961,15714.857
CAN,1962,16413.344
CAN,1963,16961.062
CAN,1964,17812.475
CAN,1965,18586.873
CAN,1966,19461.906
CAN,1967,19671.783
CAN,1968,20403.55
CAN,1969,21165.027
CAN,1970,21467.533
CAN,1971,22227.666
CAN,1972,23118.662
CAN,1973,24446.479
CAN,1974,24739.562
CAN,1975,24733.97
CAN,1976,25852.266
CAN,1977,26430.594
CAN,1978,27164.611
CAN,1979,27967.441
CAN,1980,28173.58
CAN,1981,28833.945
CAN,1982,27830.648
CAN,1983,28486.627
CAN,1984,30159.096
CAN,1985,30560.17
CAN,1986,30737.06
CAN,1987,32477.46
CAN,1988,33621.164
CAN,1989,34377.15
CAN,1990,34183.887
CAN,1991,32881.074
CAN,1992,32806.844
CAN,1993,33201.17
CAN,1994,34410.92
CAN,1995,35738.742
CAN,1996,36273.516
CAN,1997,37363.715
CAN,1998,37557.99
CAN,1999,39872.336
CAN,2000,41998.54
CAN,2001,41247.48
CAN,2002,41119.555
CAN,2003,42749.91
CAN,2004,44200.812
CAN,2005,47073.375
CAN,2006,46799.203
CAN,2007,47230.992
CAN,2008,48610.477
CAN,2009,43182.203
CAN,2010,45646.465
CAN,2011,47756.727
CAN,2012,47564.656
CAN,2013,48815.652
CAN,2014,49926.117
CAN,2015,46945.504
CAN,2016,47032.89
CAN,2017,48902.645
CAN,2018,49458.035
CAN,2019,49884.055
CHL,1951,4542.4575
CHL,1952,4820.4277
CHL,1953,4846.846
CHL,1954,5093.851
CHL,1955,4876.614
CHL,1956,4700.1113
CHL,1957,5074.09
CHL,1958,5152.2144
CHL,1959,4986.3457
CHL,1960,5178.163
CHL,1961,4882.8315
CHL,1962,5957.887
CHL,1963,6038.201
CHL,1964,6100.685
CHL,1965,5764.074
CHL,1966,6318.5923
CHL,1967,6552.3423
CHL,1968,6588.6997
CHL,1969,6914.1606
CHL,1970,6819.9634
CHL,1971,7605.6274
CHL,1972,7494.446
CHL,1973,7181.7886
CHL,1974,6728.632
CHL,1975,5618.4346
CHL,1976,5761.99
CHL,1977,6187.2397
CHL,1978,6563.839
CHL,1979,6987.64
CHL,1980,7306.0596
CHL,1981,7561.518
CHL,1982,6520.5186
CHL,1983,6224.6113
CHL,1984,6341.75
CHL,1985,6258.4023
CHL,1986,6473.5034
CHL,1987,6856.113
CHL,1988,7400.482
CHL,1989,7956.8716
CHL,1990,8012.586
CHL,1991,8506.622
CHL,1992,9371.283
CHL,1993,9827.764
CHL,1994,10543.915
CHL,1995,11898.526
CHL,1996,12283.932
CHL,1997,12358.101
CHL,1998,12066.892
CHL,1999,11407.16
CHL,2000,11693.727
CHL,2001,11511.693
CHL,2002,11481.016
CHL,2003,11870.72
CHL,2004,13106.786
CHL,2005,14570.872
CHL,2006,16854.547
CHL,2007,18105.645
CHL,2008,17407.621
CHL,2009,17554.469
CHL,2010,20055.396
CHL,2011,22020.885
CHL,2012,23062.062
CHL,2013,23622.014
CHL,2014,23741.92
CHL,2015,23214.646
CHL,2016,22606.166
CHL,2017,22864.049
CHL,2018,23286.533
CHL,2019,23252.557
CHN,1970,1292.507
CHN,1971,1382.5481
CHN,1972,1310.6804
CHN,1973,1396.8113
CHN,1974,1392.1698
CHN,1975,1428.976
CHN,1976,1350.1012
CHN,1977,1424.0562
CHN,1978,1618.633
CHN,1979,1677.2329
CHN,1980,1678.2577
CHN,1981,1667.3282
CHN,1982,1762.4872
CHN,1983,1871.7107
CHN,1984,2095.368
CHN,1985,2336.5251
CHN,1986,2366.6023
CHN,1987,2443.5935
CHN,1988,2548.7253
CHN,1989,2507.4414
CHN,1990,2427.055
CHN,1991,2519.9937
CHN,1992,2722.6484
CHN,1993,2943.4604
CHN,1994,3133.4246
CHN,1995,3431.2358
CHN,1996,3659.8289
CHN,1997,3757.72
CHN,1998,3741.418
CHN,1999,3930.9387
CHN,2000,4199.84
CHN,2001,4540.0283
CHN,2002,4940.1445
CHN,2003,5365.0444
CHN,2004,5952.99
CHN,2005,6588.563
CHN,2006,7144.8
CHN,2007,7817.45
CHN,2008,8281.87
CHN,2009,8938.087
CHN,2010,10116.533
CHN,2011,10874.707
CHN,2012,11501.821
CHN,2013,11899.735
CHN,2014,12411.439
CHN,2015,12784.436
CHN,2016,13147.852
CHN,2017,13854.229
CHN,2018,13819.324
CHN,2019,14128.812
COL,1950,3486.0867
COL,1951,3428.6584
COL,1952,3544.038
COL,1953,3728.0396
COL,1954,3955.7598
COL,1955,3977.2134
COL,1956,3938.8918
COL,1957,3804.457
COL,1958,3679.023
COL,1959,3775.3933
COL,1960,3875.5615
COL,1961,3992.6074
COL,1962,4050.59
COL,1963,4043.3643
COL,1964,4250.1777
COL,1965,4134.5967
COL,1966,4236.1855
COL,1967,4272.4565
COL,1968,4422.081
COL,1969,4598.5127
COL,1970,4841.015
COL,1971,5232.3555
COL,1972,5621.0923
COL,1973,6096.0356
COL,1974,6443.999
COL,1975,6681.9966
COL,1976,6971.382
COL,1977,7144.95
COL,1978,7514.4365
COL,1979,7613.9
COL,1980,7802.737
COL,1981,7679.038
COL,1982,7548.4917
COL,1983,7354.1274
COL,1984,7349.4995
COL,1985,7189.221
COL,1986,7491.647
COL,1987,7407.0815
COL,1988,7494.5967
COL,1989,7517.981
COL,1990,7624.974
COL,1991,7516.794
COL,1992,7725.0728
COL,1993,8091.757
COL,1994,8380.605
COL,1995,8597.688
COL,1996,8479.622
COL,1997,8537.107
COL,1998,8211.042
COL,1999,7650.2524
COL,2000,7760.558
COL,2001,7679.919
COL,2002,7661.362
COL,2003,7820.7036
COL,2004,8089.7007
COL,2005,8529.045
COL,2006,9216.343
COL,2007,10036.59
COL,2008,10897.64
COL,2009,10974.397
COL,2010,11956.13
COL,2011,13226.351
COL,2012,13683.41
COL,2013,13840.157
COL,2014,14080.851
COL,2015,13796.842
COL,2016,13566.159
COL,2017,13426.758
COL,2018,13782.132
COL,2019,14057.756
CRI,1987,8193.195
CRI,1988,8200.516
CRI,1989,8503.62
CRI,1990,8554.561
CRI,1991,8486.701
CRI,1992,9139.446
CRI,1993,9528.854
CRI,1994,9725.536
CRI,1995,9864.47
CRI,1996,9468.594
CRI,1997,9664.772
CRI,1998,10392.514
CRI,1999,10271.373
CRI,2000,10515.262
CRI,2001,10787.231
CRI,2002,10691.711
CRI,2003,10874.106
CRI,2004,11215.025
CRI,2005,11871.861
CRI,2006,11952.692
CRI,2007,12489.902
CRI,2008,13053.728
CRI,2009,13642.417
CRI,2010,13726.42
CRI,2011,14410.855
CRI,2012,15094.226
CRI,2013,14711.616
CRI,2014,15424.482
CRI,2015,16333.762
CRI,2016,17231.314
CRI,2017,18127.814
CRI,2018,18217.113
CRI,2019,18522.178
HRV,1995,10301.132
HRV,1996,10736.777
HRV,1997,11729.542
HRV,1998,12132.699
HRV,1999,12464.765
HRV,2000,13427.418
HRV,2001,14111.179
HRV,2002,15212.699
HRV,2003,16221.238
HRV,2004,16700.596
HRV,2005,18152.627
HRV,2006,19902.887
HRV,2007,21548.15
HRV,2008,22912.477
HRV,2009,21806.916
HRV,2010,21639.455
HRV,2011,22431.89
HRV,2012,22540.734
HRV,2013,21535.82
HRV,2014,21477.525
HRV,2015,22547.463
HRV,2016,23327.596
HRV,2017,25359.7
HRV,2018,25104.54
HRV,2019,26001.002
CYP,1995,23329.41
CYP,1996,22778.906
CYP,1997,23260.777
CYP,1998,22803.709
CYP,1999,24305.844
CYP,2000,27567.72
CYP,2001,28040.58
CYP,2002,26906.66
CYP,2003,25184.34
CYP,2004,25365.447
CYP,2005,28928.69
CYP,2006,29449.406
CYP,2007,30878.047
CYP,2008,32407.42
CYP,2009,31801.402
CYP,2010,31855.75
CYP,2011,30961.527
CYP,2012,31319.172
CYP,2013,28148.766
CYP,2014,26588.385
CYP,2015,28228.88
CYP,2016,30758.475
CYP,2017,31253.988
CYP,2018,31223.533
CYP,2019,32301.82
CZE,1993,20536.512
CZE,1994,21647.84
CZE,1995,22479.887
CZE,1996,23518.648
CZE,1997,22708.32
CZE,1998,21872.21
CZE,1999,21805.762
CZE,2000,22501.195
CZE,2001,23598.492
CZE,2002,23222.879
CZE,2003,24319.578
CZE,2004,25010.672
CZE,2005,27212.762
CZE,2006,27721.584
CZE,2007,30006.361
CZE,2008,31376.184
CZE,2009,29960.416
CZE,2010,30265.84
CZE,2011,31122.107
CZE,2012,30945.021
CZE,2013,30546.51
CZE,2014,31932.49
CZE,2015,32746.5
CZE,2016,33460.086
CZE,2017,35579.258
CZE,2018,36724.83
CZE,2019,37521.227
DNK,1950,10533.165
DNK,1951,10272.443
DNK,1952,10416.398
DNK,1953,10985.877
DNK,1954,11257.637
DNK,1955,11132.258
DNK,1956,11295.049
DNK,1957,11808.914
DNK,1958,11960.839
DNK,1959,12868.686
DNK,1960,13568.79
DNK,1961,14338.302
DNK,1962,14907.131
DNK,1963,15032.26
DNK,1964,16132.699
DNK,1965,16703.31
DNK,1966,17004.727
DNK,1967,17770.53
DNK,1968,18674.508
DNK,1969,19775.559
DNK,1970,19875.738
DNK,1971,20302.104
DNK,1972,21029.934
DNK,1973,21717.08
DNK,1974,21284.607
DNK,1975,20856.074
DNK,1976,21944.219
DNK,1977,22428.947
DNK,1978,23003.828
DNK,1979,23879.375
DNK,1980,23979.723
DNK,1981,23128.795
DNK,1982,23511.057
DNK,1983,23736.13
DNK,1984,24247.697
DNK,1985,24626.002
DNK,1986,26436.166
DNK,1987,27056.191
DNK,1988,27024.982
DNK,1989,27144.453
DNK,1990,27817.977
DNK,1991,27846.027
DNK,1992,28845.56
DNK,1993,28523.4
DNK,1994,29687.18
DNK,1995,30550.236
DNK,1996,31560.564
DNK,1997,33088.336
DNK,1998,33963.254
DNK,1999,35450.438
DNK,2000,37403.957
DNK,2001,37265.41
DNK,2002,37064.266
DNK,2003,37679.652
DNK,2004,39556.914
DNK,2005,43031.414
DNK,2006,44582.707
DNK,2007,45687.332
DNK,2008,48294.336
DNK,2009,46005.824
DNK,2010,48860.055
DNK,2011,49686.81
DNK,2012,49100.336
DNK,2013,47969.64
DNK,2014,47861.254
DNK,2015,47492.906
DNK,2016,48930.09
DNK,2017,51671.598
DNK,2018,51931.836
DNK,2019,54027.15
DOM,1990,5110.1016
DOM,1991,5105.4014
DOM,1992,5854.0356
DOM,1993,6292.9736
DOM,1994,6502.6357
DOM,1995,6529.189
DOM,1996,6672.229
DOM,1997,7267.3047
DOM,1998,8032.611
DOM,1999,8440.989
DOM,2000,8391.977
DOM,2001,9149.304
DOM,2002,9048.389
DOM,2003,8276.985
DOM,2004,8504.553
DOM,2005,9431.821
DOM,2006,10494.584
DOM,2007,11406.723
DOM,2008,11560.211
DOM,2009,12149.653
DOM,2010,13096.969
DOM,2011,13231.797
DOM,2012,13328.421
DOM,2013,13388.624
DOM,2014,13998.327
DOM,2015,15161.65
DOM,2016,16169.959
DOM,2017,16557.008
DOM,2018,17155.328
DOM,2019,17926.738
ECU,1995,5668.046
ECU,1996,5577.771
ECU,1997,5744.345
ECU,1998,5735.9287
ECU,1999,5309.485
ECU,2000,5510.876
ECU,2001,5798.6143
ECU,2002,6233.989
ECU,2003,6496.728
ECU,2004,7106.095
ECU,2005,7963.3896
ECU,2006,8460.081
ECU,2007,8832.098
ECU,2008,9664.322
ECU,2009,9225.989
ECU,2010,9908.478
ECU,2011,10796.917
ECU,2012,11377.923
ECU,2013,12181.178
ECU,2014,12239.398
ECU,2015,11354.9
ECU,2016,11039.747
ECU,2017,11413.081
ECU,2018,11474.869
ECU,2019,11235.628
EST,1995,10758.367
EST,1996,11699.906
EST,1997,11957.48
EST,1998,11838.959
EST,1999,11732.874
EST,2000,13010.503
EST,2001,13763.808
EST,2002,14746.476
EST,2003,15846.114
EST,2004,16687.523
EST,2005,20291.969
EST,2006,22042.734
EST,2007,24741.186
EST,2008,25228.648
EST,2009,22535.018
EST,2010,23852.137
EST,2011,26704.477
EST,2012,28276.275
EST,2013,28599.617
EST,2014,29229.885
EST,2015,28516.846
EST,2016,29319.807
EST,2017,30981.602
EST,2018,32280.738
EST,2019,33852.387
FIN,1950,6581.0063
FIN,1951,7331.637
FIN,1952,7420.9785
FIN,1953,7279.3745
FIN,1954,7977.219
FIN,1955,8529.524
FIN,1956,8588.347
FIN,1957,8577.755
FIN,1958,8523.676
FIN,1959,9099.683
FIN,1960,9945.215
FIN,1961,10861.013
FIN,1962,11008.036
FIN,1963,11041.996
FIN,1964,11329.446
FIN,1965,11993.564
FIN,1966,12316.558
FIN,1967,12618.392
FIN,1968,13243.685
FIN,1969,14580.726
FIN,1970,15758.58
FIN,1971,16013.29
FIN,1972,17011.822
FIN,1973,18095.176
FIN,1974,18662.143
FIN,1975,18063.592
FIN,1976,17988.357
FIN,1977,18046.467
FIN,1978,18710.459
FIN,1979,20127.535
FIN,1980,21286.984
FIN,1981,21549.025
FIN,1982,21664.705
FIN,1983,21860.852
FIN,1984,22333.465
FIN,1985,22419.217
FIN,1986,23742.021
FIN,1987,24809.166
FIN,1988,26612.57
FIN,1989,27585.281
FIN,1990,27493.334
FIN,1991,25045.555
FIN,1992,24002.836
FIN,1993,23815.592
FIN,1994,25278.773
FIN,1995,28161.002
FIN,1996,28040.688
FIN,1997,30470.166
FIN,1998,32887.984
FIN,1999,34454.28
FIN,2000,35949.78
FIN,2001,36123.156
FIN,2002,35880.758
FIN,2003,36471.54
FIN,2004,38077.883
FIN,2005,40534.965
FIN,2006,41241.23
FIN,2007,44680.04
FIN,2008,46203.7
FIN,2009,42181.793
FIN,2010,43468.39
FIN,2011,44077.234
FIN,2012,43473.6
FIN,2013,41426.906
FIN,2014,41140.89
FIN,2015,41660.523
FIN,2016,42577.58
FIN,2017,43827.152
FIN,2018,44198.883
FIN,2019,44928.516
FRA,1950,7635.002
FRA,1951,7985.8604
FRA,1952,8147.097
FRA,1953,8410.849
FRA,1954,8818.092
FRA,1955,9215.029
FRA,1956,9586.43
FRA,1957,10009.013
FRA,1958,10204.252
FRA,1959,10382.35
FRA,1960,11134.624
FRA,1961,11547.519
FRA,1962,12086.586
FRA,1963,12666.509
FRA,1964,13353.873
FRA,1965,13855.951
FRA,1966,14475.218
FRA,1967,15079.873
FRA,1968,15609.67
FRA,1969,16579.016
FRA,1970,17435.078
FRA,1971,18326.459
FRA,1972,19144.795
FRA,1973,20371.342
FRA,1974,21193.426
FRA,1975,20989.45
FRA,1976,21905.22
FRA,1977,22719.139
FRA,1978,23682.8
FRA,1979,24584.348
FRA,1980,24980.373
FRA,1981,24369.193
FRA,1982,24201.264
FRA,1983,23726.705
FRA,1984,23348.615
FRA,1985,22841.9
FRA,1986,23972.672
FRA,1987,24539.062
FRA,1988,25643.527
FRA,1989,26444.75
FRA,1990,27149.924
FRA,1991,27119.656
FRA,1992,27494.258
FRA,1993,27321.758
FRA,1994,27763.336
FRA,1995,28275.717
FRA,1996,28793.59
FRA,1997,30322.691
FRA,1998,31888.025
FRA,1999,33225.113
FRA,2000,34969
FRA,2001,35672.86
FRA,2002,35605.21
FRA,2003,34481.52
FRA,2004,34925.938
FRA,2005,37604.82
FRA,2006,38307.066
FRA,2007,39857.41
FRA,2008,39980.652
FRA,2009,38507.375
FRA,2010,39900.06
FRA,2011,40818.42
FRA,2012,41133.777
FRA,2013,40529.363
FRA,2014,40418.523
FRA,2015,40998.42
FRA,2016,41386.223
FRA,2017,42818.76
FRA,2018,43192.387
FRA,2019,43755.062
DEU,1950,5227.417
DEU,1951,5756.6978
DEU,1952,6252.1753
DEU,1953,6751.1406
DEU,1954,7292.3228
DEU,1955,8258.347
DEU,1956,8843.365
DEU,1957,9287.009
DEU,1958,9531.396
DEU,1959,10264.624
DEU,1960,11158.834
DEU,1961,11515.062
DEU,1962,11832.689
DEU,1963,11997.435
DEU,1964,12782.994
DEU,1965,13321.435
DEU,1966,13593.178
DEU,1967,13405.284
DEU,1968,14106.714
DEU,1969,15100.145
DEU,1970,15778.724
DEU,1971,16231.725
DEU,1972,16986.176
DEU,1973,17924.977
DEU,1974,18223.402
DEU,1975,18229.615
DEU,1976,19238.13
DEU,1977,19982.127
DEU,1978,20701.89
DEU,1979,21694.715
DEU,1980,22038.219
DEU,1981,21626.012
DEU,1982,21183.645
DEU,1983,21225.652
DEU,1984,21446.943
DEU,1985,21471.29
DEU,1986,23138.275
DEU,1987,24096.135
DEU,1988,25283.973
DEU,1989,26246.838
DEU,1990,28100.42
DEU,1991,29495.428
DEU,1992,30374.363
DEU,1993,30521.496
DEU,1994,31559.746
DEU,1995,32570.662
DEU,1996,32941.7
DEU,1997,33996.99
DEU,1998,35165.75
DEU,1999,36591.91
DEU,2000,37290.406
DEU,2001,37771.26
DEU,2002,37600.027
DEU,2003,38480.516
DEU,2004,39573.63
DEU,2005,41565.598
DEU,2006,42595.03
DEU,2007,45097.15
DEU,2008,46266.527
DEU,2009,43240.043
DEU,2010,45435.336
DEU,2011,47754.105
DEU,2012,47312.203
DEU,2013,47302.22
DEU,2014,48789.92
DEU,2015,48064.566
DEU,2016,49255.832
DEU,2017,51253.33
DEU,2018,51284.934
DEU,2019,51190.89
GRC,1951,3767.2412
GRC,1952,3645.401
GRC,1953,4097.8286
GRC,1954,4143.4375
GRC,1955,4389.1733
GRC,1956,4740.2417
GRC,1957,5067.7173
GRC,1958,5267.741
GRC,1959,5421.5835
GRC,1960,5481.608
GRC,1961,6185.3022
GRC,1962,6046.6035
GRC,1963,6801.4517
GRC,1964,7266.0376
GRC,1965,8015.466
GRC,1966,8580.299
GRC,1967,8910.031
GRC,1968,9474.474
GRC,1969,10512.24
GRC,1970,11460.879
GRC,1971,12287.418
GRC,1972,13428.997
GRC,1973,14308.8955
GRC,1974,13314.048
GRC,1975,13942.771
GRC,1976,14661.13
GRC,1977,14733.614
GRC,1978,15553.054
GRC,1979,15674.379
GRC,1980,15780.877
GRC,1981,15657.779
GRC,1982,15041.686
GRC,1983,14754.898
GRC,1984,15021.075
GRC,1985,15503.57
GRC,1986,16073.81
GRC,1987,15873.447
GRC,1988,16948.709
GRC,1989,17681.326
GRC,1990,17753.793
GRC,1991,18705.66
GRC,1992,18831.648
GRC,1993,19071.445
GRC,1994,19892.023
GRC,1995,20419.39
GRC,1996,20910.096
GRC,1997,22679.924
GRC,1998,23877.654
GRC,1999,24256.174
GRC,2000,25357.277
GRC,2001,26199.316
GRC,2002,27155.65
GRC,2003,27225.674
GRC,2004,28451.61
GRC,2005,29086.717
GRC,2006,31469.406
GRC,2007,31673.479
GRC,2008,32849.035
GRC,2009,32017.865
GRC,2010,29795.945
GRC,2011,27150.488
GRC,2012,26113.637
GRC,2013,26244.691
GRC,2014,26016.303
GRC,2015,26330.736
GRC,2016,25818.572
GRC,2017,26477.574
GRC,2018,26602.74
GRC,2019,27201.492
HKG,1960,6004.6245
HKG,1961,6103.355
HKG,1962,6458.0366
HKG,1963,7040.475
HKG,1964,7490.2095
HKG,1965,8302.59
HKG,1966,8605.646
HKG,1967,8663.268
HKG,1968,8942.517
HKG,1969,9774.294
HKG,1970,10478.251
HKG,1971,11067.369
HKG,1972,11999.145
HKG,1973,13196.7705
HKG,1974,13129.649
HKG,1975,13086.177
HKG,1976,14549.874
HKG,1977,15817.94
HKG,1978,16880.426
HKG,1979,18155.105
HKG,1980,19482.244
HKG,1981,20445.72
HKG,1982,20518.682
HKG,1983,21255.424
HKG,1984,22743.074
HKG,1985,21794.006
HKG,1986,24438.684
HKG,1987,28007.12
HKG,1988,28645.143
HKG,1989,30233.621
HKG,1990,32684.734
HKG,1991,34285.547
HKG,1992,36898.36
HKG,1993,39106.062
HKG,1994,40133.45
HKG,1995,40662.207
HKG,1996,42334.58
HKG,1997,43059.8
HKG,1998,39778.902
HKG,1999,40050.832
HKG,2000,44197.266
HKG,2001,46896.504
HKG,2002,49144.324
HKG,2003,50446.914
HKG,2004,57668.973
HKG,2005,60869.176
HKG,2006,55957.227
HKG,2007,58844.316
HKG,2008,57288.324
HKG,2009,51092.26
HKG,2010,55370.082
HKG,2011,59504.652
HKG,2012,61950.71
HKG,2013,68567.914
HKG,2014,59591.82
HKG,2015,51588.312
HKG,2016,50629.367
HKG,2017,49927.07
HKG,2018,55578.684
HKG,2019,54810.02
HUN,1980,11746.491
HUN,1981,11913.976
HUN,1982,12029.851
HUN,1983,11928.243
HUN,1984,12058.004
HUN,1985,12054.406
HUN,1986,12704.198
HUN,1987,13604.163
HUN,1988,13766.645
HUN,1989,14200.329
HUN,1990,14206.8
HUN,1991,12905.632
HUN,1992,12944.678
HUN,1993,13785.752
HUN,1994,14444.355
HUN,1995,14655.2
HUN,1996,15073.184
HUN,1997,15012.571
HUN,1998,15098.154
HUN,1999,15424.706
HUN,2000,16553.885
HUN,2001,17554.031
HUN,2002,18547.61
HUN,2003,19247.383
HUN,2004,19075.494
HUN,2005,21192.756
HUN,2006,21244.473
HUN,2007,21433.201
HUN,2008,23260.053
HUN,2009,22472.57
HUN,2010,23814.271
HUN,2011,24415.496
HUN,2012,24178.588
HUN,2013,24297.898
HUN,2014,24896.941
HUN,2015,25278.672
HUN,2016,25366.865
HUN,2017,26908.965
HUN,2018,27914.674
HUN,2019,29236.4
ISL,1964,16238.449
ISL,1965,17447.117
ISL,1966,18353.047
ISL,1967,17458.096
ISL,1968,15876.971
ISL,1969,16534.83
ISL,1970,17612.004
ISL,1971,20862.559
ISL,1972,20285.867
ISL,1973,22342.842
ISL,1974,23688.918
ISL,1975,23470.518
ISL,1976,23298.738
ISL,1977,26044.498
ISL,1978,27070.258
ISL,1979,28142.021
ISL,1980,29624.107
ISL,1981,30693.291
ISL,1982,31506.791
ISL,1983,28065.7
ISL,1984,30520.912
ISL,1985,29867.027
ISL,1986,32202.543
ISL,1987,35800.88
ISL,1988,36398.66
ISL,1989,34395.797
ISL,1990,33947.117
ISL,1991,34226.85
ISL,1992,32496.238
ISL,1993,32630.027
ISL,1994,33346.33
ISL,1995,33038.734
ISL,1996,33539.9
ISL,1997,36563.273
ISL,1998,37906.273
ISL,1999,40203.78
ISL,2000,39474.6
ISL,2001,41138.188
ISL,2002,40690.414
ISL,2003,40512.914
ISL,2004,42238.293
ISL,2005,45611.082
ISL,2006,43693.656
ISL,2007,45280.676
ISL,2008,56671.1
ISL,2009,47770.586
ISL,2010,43342.04
ISL,2011,44048.383
ISL,2012,45529.61
ISL,2013,45043.26
ISL,2014,45567.027
ISL,2015,47414.69
ISL,2016,48601.99
ISL,2017,49844.32
ISL,2018,50344.73
ISL,2019,53011.742
IND,1970,1434.1698
IND,1971,1461.3068
IND,1972,1476.7139
IND,1973,1528.971
IND,1974,1486.11
IND,1975,1593.6079
IND,1976,1541.4592
IND,1977,1498.7567
IND,1978,1436.564
IND,1979,1307.5255
IND,1980,1310.5286
IND,1981,1269.2772
IND,1982,1211.3611
IND,1983,1217.4896
IND,1984,1192.4418
IND,1985,1184.8011
IND,1986,1207.8566
IND,1987,1244.0525
IND,1988,1313.3569
IND,1989,1376.0935
IND,1990,1430.1027
IND,1991,1446.1476
IND,1992,1495.1007
IND,1993,1543.7616
IND,1994,1603.368
IND,1995,1702.7816
IND,1996,1806.5155
IND,1997,1854.2544
IND,1998,1976.453
IND,1999,2078.6558
IND,2000,2137.655
IND,2001,2214.3452
IND,2002,2295.8237
IND,2003,2463.0178
IND,2004,2650.0457
IND,2005,2973.66
IND,2006,3281.6194
IND,2007,3622.2944
IND,2008,3784.6685
IND,2009,3991.5815
IND,2010,4554.7417
IND,2011,4893.672
IND,2012,5230.3315
IND,2013,5236.9985
IND,2014,5397.0723
IND,2015,5634.441
IND,2016,5886.458
IND,2017,6188.4565
IND,2018,6579.506
IND,2019,6711.385
IDN,1970,1313.4451
IDN,1971,1375.4673
IDN,1972,1505.1182
IDN,1973,1653.435
IDN,1974,1755.7001
IDN,1975,1803.5731
IDN,1976,1908.2358
IDN,1977,2033.8396
IDN,1978,2142.5544
IDN,1979,2239.7317
IDN,1980,2408.41
IDN,1981,2555.3286
IDN,1982,2541.1729
IDN,1983,2667.9094
IDN,1984,2754.0002
IDN,1985,2729.8496
IDN,1986,2737.75
IDN,1987,2785.3623
IDN,1988,2831.756
IDN,1989,3078.749
IDN,1990,3436.3403
IDN,1991,3678.3901
IDN,1992,3856.453
IDN,1993,4041.942
IDN,1994,4275.9375
IDN,1995,4604.4634
IDN,1996,4933.6025
IDN,1997,4941.9053
IDN,1998,3943.8677
IDN,1999,3939.083
IDN,2000,3753.7678
IDN,2001,3800.953
IDN,2002,3817.389
IDN,2003,3824.2468
IDN,2004,4128.3716
IDN,2005,4452.749
IDN,2006,4878.2227
IDN,2007,5392.1104
IDN,2008,6382.0293
IDN,2009,6983.9497
IDN,2010,8177.112
IDN,2011,9775.595
IDN,2012,10309.083
IDN,2013,10405.758
IDN,2014,10458.301
IDN,2015,10247.408
IDN,2016,10315.834
IDN,2017,10640.702
IDN,2018,11247.842
IDN,2019,11595.102
IRL,1950,5439.0483
IRL,1951,5512.5454
IRL,1952,5738.2803
IRL,1953,5877.48
IRL,1954,5972.754
IRL,1955,6157.824
IRL,1956,6129.407
IRL,1957,6136.527
IRL,1958,6086.024
IRL,1959,6354.354
IRL,1960,6697.1445
IRL,1961,7039.009
IRL,1962,7185.5522
IRL,1963,7465.895
IRL,1964,7654.1436
IRL,1965,7732.919
IRL,1966,7836.7793
IRL,1967,8260.908
IRL,1968,8859.891
IRL,1969,9250.647
IRL,1970,9313.152
IRL,1971,9516.661
IRL,1972,10107.711
IRL,1973,10525.586
IRL,1974,10614.252
IRL,1975,10943.16
IRL,1976,11243.767
IRL,1977,12164.756
IRL,1978,13122.535
IRL,1979,13624.624
IRL,1980,14064.997
IRL,1981,14136.983
IRL,1982,14162.08
IRL,1983,13791.215
IRL,1984,14015.858
IRL,1985,13992.832
IRL,1986,14832.848
IRL,1987,15861.533
IRL,1988,16536.195
IRL,1989,17637.57
IRL,1990,19040.83
IRL,1991,19321.967
IRL,1992,20577.31
IRL,1993,21711.354
IRL,1994,22653.373
IRL,1995,25668.748
IRL,1996,27494.088
IRL,1997,30539.477
IRL,1998,33236.836
IRL,1999,36071.598
IRL,2000,39746.35
IRL,2001,42077.63
IRL,2002,46392.895
IRL,2003,49762.98
IRL,2004,51708.684
IRL,2005,55875.633
IRL,2006,56340.168
IRL,2007,60186.035
IRL,2008,56254.652
IRL,2009,52878.867
IRL,2010,52986.938
IRL,2011,53714.656
IRL,2012,54413.625
IRL,2013,54242.168
IRL,2014,58406.457
IRL,2015,75990.266
IRL,2016,81188.49
IRL,2017,86808.65
IRL,2018,91647.37
IRL,2019,102622.45
ISR,1981,19529.758
ISR,1982,19713.549
ISR,1983,20157.574
ISR,1984,20137.555
ISR,1985,20157.389
ISR,1986,21147.588
ISR,1987,22510.836
ISR,1988,22937.654
ISR,1989,22135.908
ISR,1990,23651.15
ISR,1991,24962.555
ISR,1992,26136.834
ISR,1993,26611.432
ISR,1994,27426.521
ISR,1995,28639.363
ISR,1996,29926.4
ISR,1997,30878.256
ISR,1998,31693.592
ISR,1999,32805.27
ISR,2000,35327.105
ISR,2001,35125.93
ISR,2002,34616.707
ISR,2003,32723.291
ISR,2004,32018.518
ISR,2005,31816.086
ISR,2006,31477.191
ISR,2007,31280.05
ISR,2008,30694.04
ISR,2009,31679.553
ISR,2010,32680.99
ISR,2011,33663.434
ISR,2012,34910.715
ISR,2013,36078.668
ISR,2014,36230.445
ISR,2015,37281.348
ISR,2016,39039.242
ISR,2017,38979.03
ISR,2018,38243.504
ISR,2019,38562.625
ITA,1950,4536.1855
ITA,1951,4910.351
ITA,1952,5040.8887
ITA,1953,5369.7485
ITA,1954,5562.7256
ITA,1955,5900.3647
ITA,1956,6089.4995
ITA,1957,6312.9175
ITA,1958,6553.3604
ITA,1959,6974.969
ITA,1960,7582.8574
ITA,1961,8164.4204
ITA,1962,8569.289
ITA,1963,8901.154
ITA,1964,9080.253
ITA,1965,9266.725
ITA,1966,9722.436
ITA,1967,10357.8545
ITA,1968,10963.985
ITA,1969,11560.775
ITA,1970,13036.207
ITA,1971,13272.596
ITA,1972,13844.9375
ITA,1973,14945.152
ITA,1974,15898.907
ITA,1975,15623.417
ITA,1976,17110.408
ITA,1977,17926.492
ITA,1978,18917.652
ITA,1979,20585.076
ITA,1980,21941.047
ITA,1981,21531.7
ITA,1982,21148.318
ITA,1983,20860.445
ITA,1984,21096.102
ITA,1985,21268.63
ITA,1986,22689.629
ITA,1987,23829.486
ITA,1988,24882.01
ITA,1989,25912.541
ITA,1990,27016.469
ITA,1991,27820.145
ITA,1992,28310.203
ITA,1993,28232.004
ITA,1994,29150.04
ITA,1995,30583.93
ITA,1996,31243.602
ITA,1997,32623.664
ITA,1998,34237.78
ITA,1999,35258.895
ITA,2000,36099.543
ITA,2001,35995.87
ITA,2002,35316.086
ITA,2003,35236.848
ITA,2004,35210.15
ITA,2005,36438.453
ITA,2006,37629.727
ITA,2007,39278.04
ITA,2008,40041.08
ITA,2009,38338.21
ITA,2010,38651.53
ITA,2011,39455.664
ITA,2012,38435.727
ITA,2013,37340.996
ITA,2014,36959.64
ITA,2015,36995.258
ITA,2016,38755.73
ITA,2017,40155.508
ITA,2018,40546.684
ITA,2019,40732.03
JAM,1986,4262.8516
JAM,1987,4693.703
JAM,1988,4898.8657
JAM,1989,4952.0605
JAM,1990,5283.718
JAM,1991,5111.889
JAM,1992,5378.626
JAM,1993,5708.223
JAM,1994,5663.591
JAM,1995,5687.16
JAM,1996,5759.154
JAM,1997,5669.9473
JAM,1998,5717.9023
JAM,1999,5800.85
JAM,2000,5864.0728
JAM,2001,5846.3657
JAM,2002,5833.9844
JPN,1950,2804.927
JPN,1951,3050.986
JPN,1952,3310.7214
JPN,1953,3411.5442
JPN,1954,3547.712
JPN,1955,3785.0757
JPN,1956,4000.8286
JPN,1957,4244.8076
JPN,1958,4512.609
JPN,1959,4889.3765
JPN,1960,5473.6265
JPN,1961,6018.1743
JPN,1962,6534.113
JPN,1963,7003.3975
JPN,1964,7711.308
JPN,1965,8102.635
JPN,1966,8851.914
JPN,1967,9667.974
JPN,1968,10765.293
JPN,1969,11935.014
JPN,1970,13023.325
JPN,1971,13613.445
JPN,1972,14635.703
JPN,1973,15587.087
JPN,1974,15280.525
JPN,1975,15796.556
JPN,1976,16670.613
JPN,1977,17632.516
JPN,1978,18790.568
JPN,1979,19873.62
JPN,1980,20852.17
JPN,1981,20679.117
JPN,1982,20248.773
JPN,1983,19793.24
JPN,1984,19753.05
JPN,1985,20254.344
JPN,1986,21946.01
JPN,1987,23362.334
JPN,1988,25594.398
JPN,1989,27335.031
JPN,1990,29385.457
JPN,1991,31110.086
JPN,1992,32143.326
JPN,1993,33009.44
JPN,1994,33976.027
JPN,1995,35783.742
JPN,1996,37559.605
JPN,1997,37646.12
JPN,1998,37128.617
JPN,1999,37066.08
JPN,2000,37915.273
JPN,2001,37468.684
JPN,2002,37384.547
JPN,2003,37952.09
JPN,2004,38901.746
JPN,2005,39823.617
JPN,2006,40255.957
JPN,2007,41021.09
JPN,2008,40303.45
JPN,2009,38058.36
JPN,2010,39789.7
JPN,2011,39162.33
JPN,2012,39235.848
JPN,2013,39666.53
JPN,2014,39171.812
JPN,2015,40274.207
JPN,2016,39467.09
JPN,2017,39598.293
JPN,2018,39352.13
JPN,2019,39704.234
LVA,1995,9602.492
LVA,1996,9774.577
LVA,1997,10087.817
LVA,1998,10657.002
LVA,1999,11096.609
LVA,2000,11853.215
LVA,2001,12857.024
LVA,2002,13439.671
LVA,2003,13875.85
LVA,2004,14565.601
LVA,2005,16700.621
LVA,2006,17877.363
LVA,2007,19655.76
LVA,2008,21019.832
LVA,2009,18491.115
LVA,2010,19327.377
LVA,2011,21471.896
LVA,2012,22556.6
LVA,2013,22681.514
LVA,2014,23613.543
LVA,2015,24716.605
LVA,2016,25500.613
LVA,2017,27162.365
LVA,2018,28488.854
LVA,2019,29411.12
LTU,1995,9495.179
LTU,1996,9932.157
LTU,1997,10424.372
LTU,1998,10837.324
LTU,1999,11259.69
LTU,2000,12111.563
LTU,2001,13060.229
LTU,2002,13447.231
LTU,2003,14941.42
LTU,2004,15235.697
LTU,2005,17388.69
LTU,2006,18709.89
LTU,2007,20561.068
LTU,2008,22023.621
LTU,2009,19256.902
LTU,2010,20978.105
LTU,2011,23665.562
LTU,2012,25366.955
LTU,2013,25697.758
LTU,2014,26893.27
LTU,2015,27162.244
LTU,2016,28086.762
LTU,2017,29832.797
LTU,2018,30921.453
LTU,2019,32483.44
LUX,1970,23633.424
LUX,1971,22631.674
LUX,1972,24102.295
LUX,1973,26630.957
LUX,1974,28157.404
LUX,1975,24126.014
LUX,1976,25531.139
LUX,1977,25630.174
LUX,1978,26923.941
LUX,1979,27806.582
LUX,1980,28116.154
LUX,1981,26984.379
LUX,1982,26985.086
LUX,1983,26846.723
LUX,1984,26482.469
LUX,1985,26308.791
LUX,1986,30128.865
LUX,1987,30807.178
LUX,1988,33786.363
LUX,1989,37509.53
LUX,1990,38945.746
LUX,1991,42679.285
LUX,1992,42778.45
LUX,1993,45307.543
LUX,1994,47157.14
LUX,1995,46934.92
LUX,1996,47193.207
LUX,1997,51031.633
LUX,1998,54626.34
LUX,1999,60363.395
LUX,2000,66585.98
LUX,2001,62035.97
LUX,2002,59912.57
LUX,2003,57764.754
LUX,2004,53136.387
LUX,2005,66100.27
LUX,2006,64797.258
LUX,2007,68275.55
LUX,2008,66359.66
LUX,2009,60593.63
LUX,2010,67784.19
LUX,2011,66803.414
LUX,2012,68756.31
LUX,2013,65823.29
LUX,2014,76519.35
LUX,2015,82382.44
LUX,2016,86516.09
LUX,2017,90597.55
LUX,2018,88604.07
LUX,2019,90479.41
MYS,1970,3883.3384
MYS,1971,4635.883
MYS,1972,4875.0156
MYS,1973,5360.326
MYS,1974,5793.1685
MYS,1975,5483.553
MYS,1976,5962.133
MYS,1977,6295.1094
MYS,1978,6566.4155
MYS,1979,6951.87
MYS,1980,7404.997
MYS,1981,7702.452
MYS,1982,7999.085
MYS,1983,8291.545
MYS,1984,8706.645
MYS,1985,7855.67
MYS,1986,7072.2646
MYS,1987,7407.977
MYS,1988,7862.274
MYS,1989,8485.793
MYS,1990,9329.916
MYS,1991,10076.065
MYS,1992,10451.805
MYS,1993,11117.8955
MYS,1994,11731.379
MYS,1995,12752.089
MYS,1996,13556.125
MYS,1997,13890.785
MYS,1998,11568.118
MYS,1999,11857.314
MYS,2000,13385.826
MYS,2001,12923.659
MYS,2002,13435.977
MYS,2003,14028.735
MYS,2004,15080.205
MYS,2005,16883.428
MYS,2006,16887.713
MYS,2007,18299.684
MYS,2008,20175.873
MYS,2009,18632.186
MYS,2010,19924.387
MYS,2011,22259.436
MYS,2012,23680.81
MYS,2013,24149.773
MYS,2014,23988.04
MYS,2015,23256.72
MYS,2016,23426.953
MYS,2017,24159.168
MYS,2018,24924.95
MYS,2019,25735.309
MLT,1994,17058.139
MLT,1995,17098.65
MLT,1996,16998.31
MLT,1997,19442.06
MLT,1998,20159.824
MLT,1999,21028.7
MLT,2000,25529.684
MLT,2001,22631.324
MLT,2002,23054.066
MLT,2003,24119.35
MLT,2004,22724.908
MLT,2005,25560.506
MLT,2006,25058.86
MLT,2007,26269.72
MLT,2008,26133.05
MLT,2009,25905.693
MLT,2010,26953.379
MLT,2011,28355.166
MLT,2012,28859.14
MLT,2013,27884.654
MLT,2014,28741.291
MLT,2015,33804.832
MLT,2016,34217
MLT,2017,35154.08
MLT,2018,38692.336
MLT,2019,38910.08
MEX,1950,5064.555
MEX,1951,5332.2856
MEX,1952,5401.7485
MEX,1953,5171.113
MEX,1954,5574.5737
MEX,1955,5857.6445
MEX,1956,6072.379
MEX,1957,6330.5977
MEX,1958,6442.1177
MEX,1959,6404.3335
MEX,1960,6676.6885
MEX,1961,6648.7
MEX,1962,6688.8955
MEX,1963,7078.6167
MEX,1964,7782.8726
MEX,1965,7951.686
MEX,1966,8184.536
MEX,1967,8366.5205
MEX,1968,8798.254
MEX,1969,8885.193
MEX,1970,9180.868
MEX,1971,9303.479
MEX,1972,9787.7
MEX,1973,10298.846
MEX,1974,10642.34
MEX,1975,10928.391
MEX,1976,11242.499
MEX,1977,11393.507
MEX,1978,12144.773
MEX,1979,13109.692
MEX,1980,14127.015
MEX,1981,14891.229
MEX,1982,14380.749
MEX,1983,13198.649
MEX,1984,13302.488
MEX,1985,13072.401
MEX,1986,12007.635
MEX,1987,11930.41
MEX,1988,11692.257
MEX,1989,11889.863
MEX,1990,12382.703
MEX,1991,12630.54
MEX,1992,12845.684
MEX,1993,12747.229
MEX,1994,13056.868
MEX,1995,12184.501
MEX,1996,12283.149
MEX,1997,13003.718
MEX,1998,13815.467
MEX,1999,14059.859
MEX,2000,14849.223
MEX,2001,14646.398
MEX,2002,14265.164
MEX,2003,14228.5205
MEX,2004,14894.119
MEX,2005,15638.168
MEX,2006,15983.76
MEX,2007,16249.967
MEX,2008,16461.701
MEX,2009,15710.421
MEX,2010,16873.336
MEX,2011,18200.082
MEX,2012,18862.564
MEX,2013,18710.57
MEX,2014,18637.203
MEX,2015,18518.387
MEX,2016,18913.807
MEX,2017,18939.904
MEX,2018,19200.268
MEX,2019,18736.527
MMR,1970,760.68317
MMR,1971,753.19147
MMR,1972,715.1263
MMR,1973,724.10065
MMR,1974,730.43896
MMR,1975,747.044
MMR,1976,762.82513
MMR,1977,776.012
MMR,1978,789.1638
MMR,1979,818.1174
MMR,1980,856.58966
MMR,1981,890.81946
MMR,1982,923.71234
MMR,1983,959.4475
MMR,1984,982.6799
MMR,1985,963.75653
MMR,1986,929.1391
MMR,1987,840.624
MMR,1988,777.5221
MMR,1989,779.78595
MMR,1990,762.569
MMR,1991,768.03217
MMR,1992,890.3298
MMR,1993,969.58545
MMR,1994,1001.1642
MMR,1995,1044.4792
MMR,1996,1039.1057
MMR,1997,1072.9498
MMR,1998,1153.1647
MMR,1999,1118.5929
MMR,2000,1123.4163
MMR,2001,1188.8003
MMR,2002,1325.4946
MMR,2003,1477.2902
MMR,2004,1620.1046
MMR,2005,1804.991
MMR,2006,2012.7296
MMR,2007,2321.3628
MMR,2008,2624.933
MMR,2009,3090.497
MMR,2010,3679.6335
MMR,2011,4060.4766
MMR,2012,3289.9768
MMR,2013,4627.186
MMR,2014,4873.386
MMR,2015,4774.1333
MMR,2016,4740.627
MMR,2017,4762.926
MMR,2018,4919.757
MMR,2019,5153.375
NLD,1950,9007.362
NLD,1951,9298.848
NLD,1952,9415.737
NLD,1953,10065.209
NLD,1954,10535.699
NLD,1955,11280.051
NLD,1956,11575.108
NLD,1957,11846.341
NLD,1958,11641.03
NLD,1959,12127.421
NLD,1960,13113.135
NLD,1961,13240.119
NLD,1962,13629.312
NLD,1963,13537.519
NLD,1964,14872.658
NLD,1965,15301.046
NLD,1966,15368.931
NLD,1967,16021.928
NLD,1968,16874.312
NLD,1970,19090.383
NLD,1971,19911.338
NLD,1972,20482.219
NLD,1973,21831.9
NLD,1974,22989.105
NLD,1975,23108.594
NLD,1976,24106.871
NLD,1977,24367.543
NLD,1978,24841.38
NLD,1979,25255.45
NLD,1980,26173.992
NLD,1981,25294.805
NLD,1982,24475.873
NLD,1983,24419.023
NLD,1984,24767.418
NLD,1985,24075.873
NLD,1986,25028.982
NLD,1987,25144.99
NLD,1988,25964.035
NLD,1989,26902.656
NLD,1990,28432.918
NLD,1991,29128.871
NLD,1992,29365.768
NLD,1993,30104.893
NLD,1994,30778.459
NLD,1995,32155.63
NLD,1996,33305.76
NLD,1997,35467.707
NLD,1998,36453.566
NLD,1999,39085.13
NLD,2000,42616.637
NLD,2001,42938.492
NLD,2002,42863.04
NLD,2003,42688.3
NLD,2004,43293.613
NLD,2005,48942.477
NLD,2006,50002.72
NLD,2007,53258.062
NLD,2008,55246.902
NLD,2009,50439.02
NLD,2010,50553.598
NLD,2011,51588.31
NLD,2012,52656.027
NLD,2013,54954.08
NLD,2014,52230.89
NLD,2015,51664.715
NLD,2016,51435.76
NLD,2017,54233.45
NLD,2018,54921.65
NLD,2019,55569.44
NZL,1970,16909.846
NZL,1971,17446.904
NZL,1972,18072.215
NZL,1973,19089.055
NZL,1974,19477.945
NZL,1975,18867.777
NZL,1976,19234.674
NZL,1977,18402.932
NZL,1978,18249.225
NZL,1979,18139.514
NZL,1980,18241.316
NZL,1981,18732.959
NZL,1982,18761.36
NZL,1983,19685.424
NZL,1984,20427.186
NZL,1985,19984.455
NZL,1986,21285.105
NZL,1987,22114.45
NZL,1988,23043.379
NZL,1989,23056.01
NZL,1990,23036.617
NZL,1991,22237.072
NZL,1992,22482.072
NZL,1993,23766.602
NZL,1994,24903.42
NZL,1995,25871.375
NZL,1996,26873.715
NZL,1997,27581.033
NZL,1998,27843.195
NZL,1999,29434.182
NZL,2000,29589.344
NZL,2001,30121.984
NZL,2002,30559.318
NZL,2003,31083.648
NZL,2004,30939.174
NZL,2005,31823.973
NZL,2006,31891.816
NZL,2007,33771.05
NZL,2008,33758.484
NZL,2009,33797.086
NZL,2010,34903.133
NZL,2011,36292.402
NZL,2012,36036.375
NZL,2013,36690.316
NZL,2014,37205.36
NZL,2015,37060.945
NZL,2016,38738.773
NZL,2017,39728.855
NZL,2018,40128.21
NZL,2019,41522.477
NOR,1950,9826.614
NOR,1951,10246.801
NOR,1952,10648.959
NOR,1953,11062.436
NOR,1954,11237.178
NOR,1955,11486.549
NOR,1956,11813.063
NOR,1957,12259.225
NOR,1958,12060.635
NOR,1959,12268.726
NOR,1960,12448.908
NOR,1961,13045.534
NOR,1962,13182.25
NOR,1963,13531.33
NOR,1964,14254.884
NOR,1965,14929.269
NOR,1966,15334.514
NOR,1967,16158.051
NOR,1968,16619.059
NOR,1969,17136.207
NOR,1970,13790.824
NOR,1971,14770.556
NOR,1972,16221.474
NOR,1973,16606.527
NOR,1974,17902.807
NOR,1975,19913.45
NOR,1976,22265.455
NOR,1977,22886.102
NOR,1978,24688.646
NOR,1979,26166.29
NOR,1980,27764.758
NOR,1981,27909.139
NOR,1982,27530.096
NOR,1983,28735.143
NOR,1984,30379.668
NOR,1985,30526.918
NOR,1986,29406.348
NOR,1987,30044.559
NOR,1988,28691.742
NOR,1989,29728.45
NOR,1990,32764.594
NOR,1991,32687.062
NOR,1992,33537.234
NOR,1993,33683.6
NOR,1994,34806.59
NOR,1995,37309.195
NOR,1996,41733.71
NOR,1997,43845.07
NOR,1998,41572.94
NOR,1999,46062.18
NOR,2000,56381.223
NOR,2001,56772.67
NOR,2002,54437.688
NOR,2003,58280.91
NOR,2004,61862.293
NOR,2005,76282.555
NOR,2006,82402.68
NOR,2007,82926.92
NOR,2008,93274.22
NOR,2009,77867
NOR,2010,83524.734
NOR,2011,90686.55
NOR,2012,94650.805
NOR,2013,91533.164
NOR,2014,84909.97
NOR,2015,70778.65
NOR,2016,67263.195
NOR,2017,69604.79
NOR,2018,75245.914
NOR,2019,73668.79
PAK,1970,1972.8506
PAK,1971,1960.2056
PAK,1972,1953.5576
PAK,1973,1999.8323
PAK,1974,2020.9501
PAK,1975,2036.954
PAK,1976,2084.902
PAK,1977,2084.2717
PAK,1978,2157.7144
PAK,1979,2181.6064
PAK,1980,2266.4963
PAK,1981,2328.2283
PAK,1982,2364.1052
PAK,1983,2431.8967
PAK,1984,2490.659
PAK,1985,2563.723
PAK,1986,2559.0054
PAK,1987,2640.15
PAK,1988,2739.5498
PAK,1989,2781.578
PAK,1990,2764.075
PAK,1991,2693.3384
PAK,1992,2785.7932
PAK,1993,2797.3147
PAK,1994,2756.6943
PAK,1995,2844.1104
PAK,1996,2929.303
PAK,1997,2841.4192
PAK,1998,2880.3252
PAK,1999,2870.1143
PAK,2000,2879.3796
PAK,2001,2829.9724
PAK,2002,2881.1455
PAK,2003,2904.5984
PAK,2004,3076.1675
PAK,2005,3334.0825
PAK,2006,3591.6812
PAK,2007,3776.2563
PAK,2008,3911.9106
PAK,2009,4040.5366
PAK,2010,4204.3774
PAK,2011,4465.341
PAK,2012,4508.8867
PAK,2013,4434.178
PAK,2014,4487.1455
PAK,2015,4649.5283
PAK,2016,4587.18
PAK,2017,4743.69
PAK,2018,4957.3164
PAK,2019,5026.2085
PER,1950,2250.3943
PER,1951,2365.3691
PER,1952,2437.8774
PER,1953,2501.3958
PER,1954,2597.7883
PER,1955,2666.491
PER,1956,2686.6558
PER,1957,2825.9597
PER,1958,2719.298
PER,1959,2703.1074
PER,1960,2903.3362
PER,1961,3022.7847
PER,1962,3197.5747
PER,1963,3281.8306
PER,1964,3400.363
PER,1965,3522.4773
PER,1966,3682.9868
PER,1967,3759.678
PER,1968,3646.2227
PER,1969,3715.831
PER,1970,3822.3206
PER,1971,3947.4807
PER,1972,3941.9817
PER,1973,4164.0845
PER,1974,4414.8804
PER,1975,4512.575
PER,1976,4431.9443
PER,1977,4252.4165
PER,1978,4022.7449
PER,1979,4003.598
PER,1980,4275.3647
PER,1981,4517.3174
PER,1982,4441.657
PER,1983,4016.476
PER,1984,4093.1025
PER,1985,4007.1255
PER,1986,4506.593
PER,1987,4936.536
PER,1988,4575.1016
PER,1989,3734.9497
PER,1990,3700.6125
PER,1991,3785.0408
PER,1992,3798.636
PER,1993,3983.6047
PER,1994,4564.2563
PER,1995,5024.6562
PER,1996,5212.2085
PER,1997,5464.8857
PER,1998,5261.916
PER,1999,5175.4785
PER,2000,5241.1553
PER,2001,5204.9727
PER,2002,5464.4907
PER,2003,5745.861
PER,2004,6147.094
PER,2005,6727.838
PER,2006,7547.1685
PER,2007,8302.518
PER,2008,9017.797
PER,2009,8962.979
PER,2010,10113.219
PER,2011,11022.33
PER,2012,11566.978
PER,2013,11749.8545
PER,2014,11764.07
PER,2015,11662.247
PER,2016,11747.658
PER,2017,11956.625
PER,2018,12158.256
PER,2019,12236.712
PHL,1970,2449.7456
PHL,1971,2534.5444
PHL,1972,2613.1045
PHL,1973,2760.9226
PHL,1974,2858.642
PHL,1975,3032.1746
PHL,1976,3143.7678
PHL,1977,3164.0703
PHL,1978,3279.5508
PHL,1979,3266.7937
PHL,1980,3493.8743
PHL,1981,3567.647
PHL,1982,3647.2795
PHL,1983,3581.968
PHL,1984,3263.6243
PHL,1985,3008.201
PHL,1986,3108.9236
PHL,1987,3340.9497
PHL,1988,3606.8936
PHL,1989,3837.3877
PHL,1990,4103.079
PHL,1991,4092.483
PHL,1992,4187.64
PHL,1993,4349.928
PHL,1994,4741.4224
PHL,1995,5121.7134
PHL,1996,5470.8286
PHL,1997,5259.2334
PHL,1998,4727.5693
PHL,1999,4508.39
PHL,2000,4540.9434
PHL,2001,4485.08
PHL,2002,4454.3926
PHL,2003,4472.4077
PHL,2004,4514.1797
PHL,2005,4605.2607
PHL,2006,4742.3433
PHL,2007,5020.0376
PHL,2008,5260.8774
PHL,2009,5374.6123
PHL,2010,5814.083
PHL,2011,6237.9414
PHL,2012,6586.1475
PHL,2013,6724.5034
PHL,2014,6885.6484
PHL,2015,7088.7803
PHL,2016,7557.3813
PHL,2017,7858.4766
PHL,2018,8229.168
PHL,2019,8448.533
POL,1995,11685.215
POL,1996,12667.918
POL,1997,13473.866
POL,1998,14005.399
POL,1999,14779.576
POL,2000,15115.898
POL,2001,15189.506
POL,2002,15552.694
POL,2003,15706.335
POL,2004,16284.119
POL,2005,17152.693
POL,2006,17793.412
POL,2007,19368.365
POL,2008,20616.195
POL,2009,21338.791
POL,2010,23428.086
POL,2011,25108.1
POL,2012,25650.93
POL,2013,25615.729
POL,2014,25944.71
POL,2015,27173.203
POL,2016,27778.246
POL,2017,29047.824
POL,2018,30522.254
POL,2019,31985.158
PRT,1950,2978.4143
PRT,1951,3302.664
PRT,1952,3421.8357
PRT,1953,3571.5
PRT,1954,3700.9993
PRT,1955,3813.143
PRT,1956,3955.5044
PRT,1957,4098.045
PRT,1958,4101.8687
PRT,1959,4299.822
PRT,1960,4576.5366
PRT,1961,4831.077
PRT,1962,5178.2754
PRT,1963,5441.704
PRT,1964,5632.2896
PRT,1965,6021.004
PRT,1966,6183.919
PRT,1967,6658.6616
PRT,1968,7553.1367
PRT,1969,7796.1685
PRT,1970,8419.91
PRT,1971,9005.415
PRT,1972,9621.1875
PRT,1973,10528.595
PRT,1974,10550.307
PRT,1975,9862.736
PRT,1976,10318.213
PRT,1977,10745.085
PRT,1978,10867.884
PRT,1979,11283.222
PRT,1980,11608.852
PRT,1981,11427.951
PRT,1982,11406.384
PRT,1983,11108.897
PRT,1984,10674.974
PRT,1985,10834.543
PRT,1986,11894.004
PRT,1987,12861.183
PRT,1988,13939.07
PRT,1989,14899.431
PRT,1990,15835.435
PRT,1991,16521.299
PRT,1992,17039.486
PRT,1993,17408.895
PRT,1994,18475.4
PRT,1995,19151.791
PRT,1996,19605.05
PRT,1997,21154.281
PRT,1998,22217.99
PRT,1999,23547.527
PRT,2000,24812.988
PRT,2001,24602.002
PRT,2002,24562.98
PRT,2003,24338.291
PRT,2004,24246.072
PRT,2005,26620.916
PRT,2006,27802.342
PRT,2007,28355.006
PRT,2008,28234.168
PRT,2009,27659.717
PRT,2010,28848.957
PRT,2011,28366.145
PRT,2012,28407.574
PRT,2013,27645.287
PRT,2014,27811.79
PRT,2015,28654.186
PRT,2016,29452.104
PRT,2017,30430.031
PRT,2018,30923.975
PRT,2019,31796.8
ROU,1995,8441.648
ROU,1996,8942.082
ROU,1997,8523.61
ROU,1998,8288.081
ROU,1999,8316.22
ROU,2000,8579.492
ROU,2001,9329.077
ROU,2002,9709.697
ROU,2003,10250.483
ROU,2004,11500.137
ROU,2005,11938.75
ROU,2006,13755.002
ROU,2007,15591.713
ROU,2008,18339.736
ROU,2009,17999.645
ROU,2010,18466.545
ROU,2011,18560.094
ROU,2012,19638.709
ROU,2013,19739.795
ROU,2014,20324.879
ROU,2015,21573.496
ROU,2016,22819.523
ROU,2017,25424.059
ROU,2018,26494.797
ROU,2019,27888.36
RUS,1992,15203.168
RUS,1993,13039.194
RUS,1994,11089.198
RUS,1995,10408.82
RUS,1996,10185.736
RUS,1997,9921.07
RUS,1998,9022.709
RUS,1999,8697.124
RUS,2000,9876.465
RUS,2001,10164.179
RUS,2002,10438.186
RUS,2003,11531.988
RUS,2004,13070.193
RUS,2005,15078.187
RUS,2006,17685.094
RUS,2007,20822.137
RUS,2008,23914.395
RUS,2009,21305.682
RUS,2010,24175.521
RUS,2011,27628.418
RUS,2012,29747.924
RUS,2013,29418.775
RUS,2014,28165.336
RUS,2015,25285.736
RUS,2016,25159.287
RUS,2017,26797.824
RUS,2018,28352.533
RUS,2019,28526.293
SGP,1960,2764.5308
SGP,1961,3142.4568
SGP,1962,3564.5398
SGP,1963,3960.3472
SGP,1964,3972.3452
SGP,1965,4186.4487
SGP,1966,4642.976
SGP,1967,5203.217
SGP,1968,5654.125
SGP,1969,6453.5405
SGP,1970,7215.8315
SGP,1971,8224.202
SGP,1972,9076.6875
SGP,1973,9826.289
SGP,1974,11074.173
SGP,1975,11644.375
SGP,1976,12925.51
SGP,1977,13817.616
SGP,1978,15793.484
SGP,1979,17976.994
SGP,1980,19827.225
SGP,1981,19565.764
SGP,1982,20167.812
SGP,1983,21807.148
SGP,1984,23792.918
SGP,1985,20812.953
SGP,1986,21324.809
SGP,1987,23697.836
SGP,1988,25191.383
SGP,1989,25396.342
SGP,1990,28637.943
SGP,1991,26684.037
SGP,1992,25742.709
SGP,1993,24233.857
SGP,1994,22379.861
SGP,1995,22475.355
SGP,1996,27313.492
SGP,1997,27837.715
SGP,1998,30763.514
SGP,1999,31027.729
SGP,2000,40524.945
SGP,2001,39372.32
SGP,2002,42400.69
SGP,2003,40541.88
SGP,2004,46068.426
SGP,2005,62080.613
SGP,2006,67376.33
SGP,2007,71296.6
SGP,2008,62610.477
SGP,2009,58718.65
SGP,2010,71970
SGP,2011,75916.234
SGP,2012,75062.59
SGP,2013,71907.52
SGP,2014,76938.24
SGP,2015,75352.24
SGP,2016,75539.91
SGP,2017,81444.79
SGP,2018,82761.76
SGP,2019,82336.34
SVK,1990,19718.277
SVK,1991,15562.469
SVK,1992,14500.419
SVK,1993,14634.309
SVK,1994,15098.051
SVK,1995,15759.501
SVK,1996,16675.152
SVK,1997,17118.691
SVK,1998,16655.459
SVK,1999,15873.979
SVK,2000,16586.258
SVK,2001,17509.824
SVK,2002,17807.055
SVK,2003,17933.791
SVK,2004,18032.133
SVK,2005,20581.326
SVK,2006,21880.303
SVK,2007,23660.205
SVK,2008,26117.062
SVK,2009,24693.074
SVK,2010,27152.83
SVK,2011,27487.03
SVK,2012,27630.148
SVK,2013,26579.676
SVK,2014,27592.22
SVK,2015,27625.566
SVK,2016,26400.781
SVK,2017,26467.105
SVK,2018,26797.637
SVK,2019,27473.168
SVN,1995,21183.336
SVN,1996,21960.902
SVN,1997,22363.584
SVN,1998,22187.86
SVN,1999,22896.08
SVN,2000,23822.059
SVN,2001,24032.043
SVN,2002,24492.586
SVN,2003,25069.729
SVN,2004,26020.281
SVN,2005,28253.645
SVN,2006,28215.104
SVN,2007,29137.088
SVN,2008,32109.96
SVN,2009,29353.318
SVN,2010,29828.684
SVN,2011,30934.697
SVN,2012,30515.654
SVN,2013,30056.854
SVN,2014,30388.379
SVN,2015,29830.53
SVN,2016,30507.389
SVN,2017,31594.707
SVN,2018,33605.02
SVN,2019,34093.465
ZAF,2001,10054.936
ZAF,2002,10455.937
ZAF,2003,10534
ZAF,2004,10985.227
ZAF,2005,11681.897
ZAF,2006,12412.51
ZAF,2007,12991.569
ZAF,2008,13103.29
ZAF,2009,12561.623
ZAF,2010,12896.751
ZAF,2011,13401.342
ZAF,2012,13223.486
ZAF,2013,13105.894
ZAF,2014,13029.222
ZAF,2016,12695.811
ZAF,2017,12735.031
ZAF,2018,12671.332
ZAF,2019,12536.135
KOR,1953,1111.5625
KOR,1954,1141.831
KOR,1955,1211.2332
KOR,1956,1214.7806
KOR,1957,1290.2646
KOR,1958,1300.2332
KOR,1959,1284.9663
KOR,1960,1256.0479
KOR,1961,1303.515
KOR,1962,1274.5431
KOR,1963,1379.2559
KOR,1964,1461.6118
KOR,1965,1499.8173
KOR,1966,1661.8096
KOR,1967,1712.5852
KOR,1968,1869.6484
KOR,1969,2080.5386
KOR,1970,2210.7944
KOR,1971,2555.8977
KOR,1972,2828.416
KOR,1973,3394.6018
KOR,1974,3970.3171
KOR,1975,4501.716
KOR,1976,4828.407
KOR,1977,5193.6094
KOR,1978,5601.895
KOR,1979,5811.638
KOR,1980,5414.4873
KOR,1981,5684.2197
KOR,1982,6005.453
KOR,1983,6659.8794
KOR,1984,7216.811
KOR,1985,7476.701
KOR,1986,8715.116
KOR,1987,10018.211
KOR,1988,11299.439
KOR,1989,12383.354
KOR,1990,13819.284
KOR,1991,15553.149
KOR,1992,16631.232
KOR,1993,18052.414
KOR,1994,20168.615
KOR,1995,22422.61
KOR,1996,24838.928
KOR,1997,24159.88
KOR,1998,21078.75
KOR,1999,23243.521
KOR,2000,24834.428
KOR,2001,25421.316
KOR,2002,27263.982
KOR,2003,28216.994
KOR,2004,29892.195
KOR,2005,32088.42
KOR,2006,33109.707
KOR,2007,35007.51
KOR,2008,34997.27
KOR,2009,33631.83
KOR,2010,35927.84
KOR,2011,35839.074
KOR,2012,35776.125
KOR,2013,34785.42
KOR,2014,36241.836
KOR,2015,38249.12
KOR,2016,39214.76
KOR,2017,40875.21
KOR,2018,41392.887
KOR,2019,42219.47
ESP,1950,3857.8716
ESP,1951,4507.4575
ESP,1952,4685.78
ESP,1953,4473.2207
ESP,1954,5010.657
ESP,1955,5236.1006
ESP,1956,5570.162
ESP,1957,5758.3735
ESP,1958,5947.9395
ESP,1959,5759.507
ESP,1960,6368.107
ESP,1961,7055.6885
ESP,1962,7679.2603
ESP,1963,8340.459
ESP,1964,8685.451
ESP,1965,9079.128
ESP,1966,9655.602
ESP,1967,10012.231
ESP,1968,10581.901
ESP,1969,11453.877
ESP,1970,11811.078
ESP,1971,12235.781
ESP,1972,13088.277
ESP,1973,13910.429
ESP,1974,14417.375
ESP,1975,14332.13
ESP,1976,14832.615
ESP,1977,15304.634
ESP,1978,15600.997
ESP,1979,15649.341
ESP,1980,16096.194
ESP,1981,15191.307
ESP,1982,14606.472
ESP,1983,14228.868
ESP,1984,13930.655
ESP,1985,13693.116
ESP,1986,14528.374
ESP,1987,15539.123
ESP,1988,16606.143
ESP,1989,17655.328
ESP,1990,18580.336
ESP,1991,19394.06
ESP,1992,19818.441
ESP,1993,20017.914
ESP,1994,20803.611
ESP,1995,21821.613
ESP,1996,22539.303
ESP,1997,24225.041
ESP,1998,25756.809
ESP,1999,26719.432
ESP,2000,28207.709
ESP,2001,28700.03
ESP,2002,29265.547
ESP,2003,29217.018
ESP,2004,29781.826
ESP,2005,32439.225
ESP,2006,34817.586
ESP,2007,36548.96
ESP,2008,36635.13
ESP,2009,34948.168
ESP,2010,34567.598
ESP,2011,34297.75
ESP,2012,34080.395
ESP,2013,33551.82
ESP,2014,33744.027
ESP,2015,35774.746
ESP,2016,37270.555
ESP,2017,38928.51
ESP,2018,39610.01
ESP,2019,40366.4
LKA,1970,3309.1846
LKA,1971,3228.813
LKA,1972,3262.8782
LKA,1973,3393.5364
LKA,1974,3516.717
LKA,1975,3363.0854
LKA,1976,3069.956
LKA,1977,2924.1802
LKA,1978,2884.5217
LKA,1979,2598.8635
LKA,1980,2563.6716
LKA,1981,2723.8613
LKA,1982,2663.8147
LKA,1983,2674.9978
LKA,1984,2706.1443
LKA,1985,2870.1282
LKA,1986,3049.382
LKA,1987,3152.121
LKA,1988,3186.0613
LKA,1989,3271.444
LKA,1990,3358.0063
LKA,1991,3393.9595
LKA,1992,3617.9858
LKA,1993,3880.0085
LKA,1994,4141.536
LKA,1995,4203.3223
LKA,1996,4390.3633
LKA,1997,4563.9736
LKA,1998,4893.983
LKA,1999,4873.6226
LKA,2000,4912.5728
LKA,2001,4879.763
LKA,2002,5168.153
LKA,2003,5551.064
LKA,2004,5710.2783
LKA,2005,5823.6094
LKA,2006,6428.145
LKA,2007,7012.631
LKA,2008,7534.1147
LKA,2009,8348.82
LKA,2010,9202.4375
LKA,2011,10294.875
LKA,2012,11349.773
LKA,2013,11624.573
LKA,2014,11732.652
LKA,2015,12045.038
LKA,2016,12556.947
LKA,2017,12733.1
LKA,2018,12986.397
LKA,2019,13290.122
SWE,1950,10465.071
SWE,1951,10705.488
SWE,1952,10729.6
SWE,1953,11055.628
SWE,1954,11557.622
SWE,1955,11804.636
SWE,1956,12109.362
SWE,1957,12258.869
SWE,1958,12481.01
SWE,1959,13132.344
SWE,1960,13470.279
SWE,1961,14261.63
SWE,1962,14746.922
SWE,1963,15432.918
SWE,1964,16430.748
SWE,1965,16803.096
SWE,1966,16935.936
SWE,1967,17452.133
SWE,1968,17964.95
SWE,1969,18685.74
SWE,1970,19770.752
SWE,1971,19899.875
SWE,1972,20334.42
SWE,1973,21166.58
SWE,1974,21581.623
SWE,1975,21933.436
SWE,1976,22027.904
SWE,1977,21480.957
SWE,1978,21946.127
SWE,1979,22559.805
SWE,1980,22666.727
SWE,1981,23001.145
SWE,1982,23228.395
SWE,1983,23842.934
SWE,1984,24991.523
SWE,1985,25541.877
SWE,1986,27296.867
SWE,1987,28437.67
SWE,1988,29438.797
SWE,1989,30032.807
SWE,1990,30300.877
SWE,1991,29976.748
SWE,1992,29555.936
SWE,1993,28359.406
SWE,1994,29923.697
SWE,1995,31846.586
SWE,1996,32804.72
SWE,1997,33953.156
SWE,1998,35369.71
SWE,1999,37317.57
SWE,2000,39777.26
SWE,2001,38611.297
SWE,2002,38685.71
SWE,2003,39622.555
SWE,2004,41318.496
SWE,2005,42820.68
SWE,2006,44403.99
SWE,2007,47054.98
SWE,2008,47859.117
SWE,2009,44327.004
SWE,2010,46317.094
SWE,2011,49371.043
SWE,2012,49126.625
SWE,2013,48665.79
SWE,2014,48693.203
SWE,2015,50104.223
SWE,2016,50485.5
SWE,2017,52032.676
SWE,2018,51773.867
SWE,2019,52433.336
CHE,1950,16251.6455
CHE,1951,17530.914
CHE,1952,17262.115
CHE,1953,17711.188
CHE,1954,18740.598
CHE,1955,19953.736
CHE,1956,21136.281
CHE,1957,21586.766
CHE,1958,20471.145
CHE,1959,21818.35
CHE,1960,23249.107
CHE,1961,24572.082
CHE,1962,25068.27
CHE,1963,25664.082
CHE,1964,26737.006
CHE,1965,27104.668
CHE,1966,27506.021
CHE,1967,28115.781
CHE,1968,28823.64
CHE,1969,30071.387
CHE,1970,31793.943
CHE,1971,32815.645
CHE,1972,33615.14
CHE,1973,34381.945
CHE,1974,34696.125
CHE,1975,31364.006
CHE,1976,31012.902
CHE,1977,31729.45
CHE,1978,32379.328
CHE,1979,33603.816
CHE,1980,35278.707
CHE,1981,35218.69
CHE,1982,34882.918
CHE,1983,35015.527
CHE,1984,35236.305
CHE,1985,35892.363
CHE,1986,37812.402
CHE,1987,38351.875
CHE,1988,38879.234
CHE,1989,40385.945
CHE,1990,42263.76
CHE,1991,41264.395
CHE,1992,41095.39
CHE,1993,41259.668
CHE,1994,42003.164
CHE,1995,42405.1
CHE,1996,42729.137
CHE,1997,44320.637
CHE,1998,45515.742
CHE,1999,46944.188
CHE,2000,47393.05
CHE,2001,47028.965
CHE,2002,46924.52
CHE,2003,47516.754
CHE,2004,48953.258
CHE,2005,52752
CHE,2006,55952.027
CHE,2007,61161.113
CHE,2008,65000.883
CHE,2009,63229.723
CHE,2010,64724.32
CHE,2011,70466.37
CHE,2012,71807.03
CHE,2013,70778.49
CHE,2014,71761.33
CHE,2015,71452.91
CHE,2016,72050.64
CHE,2017,73624.984
CHE,2018,74621.13
CHE,2019,75298.82
TWN,1951,1620.7471
TWN,1952,1800.9791
TWN,1953,1923.3008
TWN,1954,2027.8177
TWN,1955,2102.3362
TWN,1956,2190.9968
TWN,1957,2299.0725
TWN,1958,2385.8496
TWN,1959,2512.2249
TWN,1960,2606.6375
TWN,1961,2748.3496
TWN,1962,2853.0125
TWN,1963,3034.3022
TWN,1964,3318.7283
TWN,1965,3663.0327
TWN,1966,3841.6636
TWN,1967,4243.8433
TWN,1968,4599.3413
TWN,1969,4869.8145
TWN,1970,5360.204
TWN,1971,5955.153
TWN,1972,6652.8545
TWN,1973,7464.126
TWN,1974,7759.92
TWN,1975,7640.286
TWN,1976,8653.179
TWN,1977,9238.918
TWN,1978,10388.161
TWN,1979,11206.766
TWN,1980,11882.245
TWN,1981,12403.079
TWN,1982,12563.418
TWN,1983,13273.74
TWN,1984,14215.186
TWN,1985,14179.154
TWN,1986,15973.428
TWN,1987,18220.094
TWN,1988,19355.5
TWN,1989,20854.568
TWN,1990,22476.164
TWN,1991,23741.426
TWN,1992,25271.502
TWN,1993,26436.213
TWN,1994,27357.787
TWN,1995,28481.734
TWN,1996,30148.03
TWN,1997,31668.63
TWN,1998,32852.164
TWN,1999,34010.832
TWN,2000,35558.93
TWN,2001,34288.8
TWN,2002,35205.07
TWN,2003,35919.21
TWN,2004,37617.125
TWN,2005,40211.387
TWN,2006,40526.484
TWN,2007,41674.094
TWN,2008,40047.633
TWN,2009,38293.867
TWN,2010,41677.895
TWN,2011,43284.258
TWN,2012,43634.21
TWN,2013,43225.45
TWN,2015,44206.37
TWN,2016,43836.17
TWN,2017,45375.402
TWN,2018,45612.23
TWN,2019,46761.25
THA,1970,2486.442
THA,1971,2540.8486
THA,1972,2578.0957
THA,1973,2731.4102
THA,1974,2768.1887
THA,1975,2836.4402
THA,1976,3014.5557
THA,1977,3267.7322
THA,1978,3516.0986
THA,1979,3641.6516
THA,1980,3736.9082
THA,1981,3879.2715
THA,1982,3950.789
THA,1983,4087.3435
THA,1984,4233.891
THA,1985,4299.156
THA,1986,4294.9404
THA,1987,4595.9395
THA,1988,5043.6074
THA,1989,5437.5073
THA,1990,5926.1763
THA,1991,6233.338
THA,1992,6842.092
THA,1993,7366.122
THA,1994,7955.1265
THA,1995,8935.833
THA,1996,9778.356
THA,1997,8871.569
THA,1998,7417.9507
THA,1999,7583.143
THA,2000,7754.838
THA,2001,7973.485
THA,2002,8546.553
THA,2003,9118.895
THA,2004,9775.835
THA,2005,10626.4375
THA,2006,11142.3955
THA,2007,11842.095
THA,2008,12565.461
THA,2009,12314.047
THA,2010,13892.665
THA,2011,14623.642
THA,2012,16121.761
THA,2013,16157.032
THA,2014,15646.753
THA,2015,15575.195
THA,2016,15815.401
THA,2017,16665.379
THA,2018,16928.791
THA,2019,17116.309
TTO,1991,11836.742
TTO,1992,11192.814
TTO,1993,10427.858
TTO,1994,10347.843
TTO,1995,10363.36
TTO,1996,10158.432
TTO,1997,10338.003
TTO,1998,10179.686
TTO,1999,12015.735
TTO,2000,14600.522
TTO,2001,13814.56
TTO,2002,14273.333
TUR,1970,7211.2603
TUR,1971,7251.0835
TUR,1972,7715.5493
TUR,1973,7880.4077
TUR,1974,8740.452
TUR,1975,9154.864
TUR,1976,9936.614
TUR,1977,9555.52
TUR,1978,9047.766
TUR,1979,8699.071
TUR,1980,8409.397
TUR,1981,9203.823
TUR,1982,8904.801
TUR,1983,9120.926
TUR,1984,9455.823
TUR,1985,9774.484
TUR,1986,10200.175
TUR,1987,11135.623
TUR,1988,11015.158
TUR,1989,10813.674
TUR,1990,11445.991
TUR,1991,10758.978
TUR,1992,11111.418
TUR,1993,12049.3955
TUR,1994,10851.783
TUR,1995,11844.704
TUR,1996,12842.729
TUR,1997,13296.911
TUR,1998,13048.847
TUR,1999,12271.654
TUR,2000,13102.521
TUR,2001,12617.92
TUR,2002,12320.653
TUR,2003,11893.271
TUR,2004,13078.015
TUR,2005,14305.218
TUR,2006,16124.404
TUR,2007,17354.523
TUR,2008,18270.861
TUR,2009,17457.613
TUR,2010,19774.947
TUR,2011,21790.71
TUR,2012,22535.361
TUR,2013,23663.62
TUR,2014,24477.896
TUR,2015,25759.299
TUR,2016,25308.475
TUR,2017,26611.184
TUR,2018,27500.416
TUR,2019,26947.576
GBR,1950,10457.379
GBR,1951,10759.39
GBR,1952,10696.734
GBR,1953,11204.896
GBR,1954,11594.523
GBR,1955,12021.088
GBR,1956,12219.745
GBR,1957,12400.649
GBR,1958,12402.609
GBR,1959,12756.472
GBR,1960,13277.785
GBR,1961,13502.723
GBR,1962,13551.653
GBR,1963,13989.652
GBR,1964,14730.6
GBR,1965,15018.666
GBR,1966,15258.811
GBR,1967,15526.915
GBR,1968,16086.742
GBR,1969,16329.385
GBR,1970,16703.924
GBR,1971,16915.135
GBR,1972,17417.062
GBR,1973,18581.95
GBR,1974,17964.908
GBR,1975,17617.3
GBR,1976,18492.521
GBR,1977,19375.945
GBR,1978,20694.65
GBR,1979,21871.568
GBR,1980,22179.236
GBR,1981,21716.842
GBR,1982,21741.299
GBR,1983,22223.566
GBR,1984,22475.62
GBR,1985,22813.941
GBR,1986,23032.383
GBR,1987,23998.707
GBR,1988,24798.924
GBR,1989,25105.535
GBR,1990,25300.64
GBR,1991,24466.111
GBR,1992,24367.127
GBR,1993,24975.395
GBR,1994,25611.42
GBR,1995,28073.4
GBR,1996,29682.402
GBR,1997,31371.133
GBR,1998,32121.951
GBR,1999,33362.67
GBR,2000,35217.96
GBR,2001,35888.945
GBR,2002,35795.543
GBR,2003,36378.227
GBR,2004,37092.02
GBR,2005,39429.31
GBR,2006,39719.867
GBR,2007,39250.95
GBR,2008,40177.633
GBR,2009,36955.32
GBR,2010,39109.24
GBR,2011,39317.527
GBR,2012,40067.906
GBR,2013,41322.348
GBR,2014,41283.164
GBR,2015,42629.234
GBR,2016,42644.363
GBR,2017,44093.934
GBR,2018,44296.246
GBR,2019,44274.957
USA,1950,15911.842
USA,1951,16814.244
USA,1952,17094.783
USA,1953,17586.408
USA,1954,17226.95
USA,1955,18205.357
USA,1956,18296.604
USA,1957,18360.441
USA,1958,17873.422
USA,1959,18855.44
USA,1960,19079.525
USA,1961,19246.521
USA,1962,20092.72
USA,1963,20687.402
USA,1964,21628.648
USA,1965,22745.727
USA,1966,23932.8
USA,1967,24255.71
USA,1968,25147.795
USA,1969,25697.338
USA,1970,25444.533
USA,1971,26055.357
USA,1972,27223.623
USA,1973,28641.65
USA,1974,28130.115
USA,1975,27739.982
USA,1976,29056.281
USA,1977,30150.48
USA,1978,31586.988
USA,1979,32332.086
USA,1980,31852.342
USA,1981,32363.209
USA,1982,31322.746
USA,1983,32433.318
USA,1984,34566.895
USA,1985,35481.77
USA,1986,36283.55
USA,1987,37202.92
USA,1988,38361.336
USA,1989,39332.74
USA,1990,39577.016
USA,1991,39048.797
USA,1992,40083.85
USA,1993,40852.215
USA,1994,42154.473
USA,1995,42847.785
USA,1996,44033.58
USA,1997,45489.996
USA,1998,46967.6
USA,1999,48561.875
USA,2000,50036.992
USA,2001,49912.227
USA,2002,50114.773
USA,2003,51065.867
USA,2004,52582.02
USA,2005,53969.164
USA,2006,55032.86
USA,2007,55561.863
USA,2008,54933.59
USA,2009,52871.707
USA,2010,53887.066
USA,2011,54379.754
USA,2012,55351.996
USA,2013,56144.17
USA,2014,57250.527
USA,2015,58543.562
USA,2016,59115.33
USA,2017,60116.57
USA,2018,61618.742
USA,2019,62589
URY,1990,9663.799
URY,1991,10108.862
URY,1992,11304.399
URY,1993,11638.081
URY,1994,12527.946
URY,1995,12355.193
URY,1996,13017.964
URY,1997,13053.823
URY,1998,13176.195
URY,1999,12399.738
URY,2000,11817.2705
URY,2001,11256.09
URY,2002,10349.894
URY,2003,10257.761
URY,2004,10614.157
URY,2005,11229.846
URY,2006,11861.173
URY,2007,13070.946
URY,2008,14605.955
URY,2009,15475.951
URY,2010,17710.604
URY,2011,19352.547
URY,2012,19712.188
URY,2013,19969.344
URY,2014,20720.693
URY,2015,20543.252
URY,2016,20435.482
URY,2017,20615.557
URY,2018,20458.264
URY,2019,20545.422
VEN,1950,6121.138
VEN,1951,6493.5376
VEN,1952,7126.7417
VEN,1953,7036.6377
VEN,1954,7456.651
VEN,1955,7615.5767
VEN,1956,7878.7485
VEN,1957,8280.782
VEN,1958,8399.867
VEN,1959,8456.575
VEN,1960,7649.2573
VEN,1961,7612.7695
VEN,1962,7885.2563
VEN,1963,8175.083
VEN,1964,8764.633
VEN,1965,8758.559
VEN,1966,8513.011
VEN,1967,8517.952
VEN,1968,9180.133
VEN,1969,9391.735
VEN,1970,10262.23
VEN,1971,9736.199
VEN,1972,9760.12
VEN,1973,10553.134
VEN,1974,12586.878
VEN,1975,12000.628
VEN,1976,12330.689
VEN,1977,12523.208
VEN,1978,11974.538
VEN,1979,12326.048
VEN,1980,11883.761
VEN,1981,11577.937
VEN,1982,10692.773
VEN,1983,10468.809
VEN,1984,10380.515
VEN,1985,9539.935
VEN,1986,8742.335
VEN,1987,8710.693
VEN,1988,8765.051
VEN,1989,8108.1787
VEN,1990,8492.927
VEN,1991,8934.163
VEN,1992,9081.76
VEN,1993,8528.368
VEN,1994,7958.5723
VEN,1995,8252.089
VEN,1996,8040.369
VEN,1997,8064.469
VEN,1998,7290.08
VEN,1999,7322.3755
VEN,2000,8666.309
VEN,2001,8312.309
VEN,2002,7754.029
VEN,2003,7481.871
VEN,2004,9442.449
VEN,2005,11884.336
VEN,2006,13901.835
VNM,1983,1152.282
VNM,1984,1206.9662
VNM,1985,1239.1033
VNM,1986,1245.8555
VNM,1987,1251.1611
VNM,1988,1282.6383
VNM,1989,1233.9197
VNM,1990,1253.2188
VNM,1991,1381.8938
VNM,1992,1457.5153
VNM,1993,1617.2766
VNM,1994,1682.5176
VNM,1995,1796.8954
VNM,1996,2013.3175
VNM,1997,2136.8625
VNM,1998,2200.0762
VNM,1999,2187.8296
VNM,2000,2331.6794
VNM,2001,2461.9727
VNM,2002,2670.2466
VNM,2003,2882.296
VNM,2004,3096.746
VNM,2005,3385.1125
VNM,2006,3585.9846
VNM,2007,4010.1787
VNM,2008,4279.4014
VNM,2009,4233.1934
VNM,2010,4761.2383
VNM,2011,5130.7324
VNM,2012,5392.965
VNM,2013,5611.0522
VNM,2014,5941.967
VNM,2015,6180.358
VNM,2016,6368.651
VNM,2017,6841.6543
VNM,2018,7217.924
VNM,2019,7506.817