ARG,1972,5.7707987
ARG,1973,6.049992
ARG,1974,6.12354
ARG,1975,6.015602
ARG,1976,6.0292716
ARG,1977,6.2771564
ARG,1978,6.141138
ARG,1979,6.4327383
ARG,1980,6.4590163
ARG,1981,6.54121
ARG,1982,6.8030505
ARG,1983,7.2011805
ARG,1984,7.5501113
ARG,1985,7.3695316
ARG,1986,8.01871
ARG,1987,8.416937
ARG,1988,8.84262
ARG,1989,8.496987
ARG,1990,9.34559
ARG,1991,10.72936
ARG,1992,12.5184765
ARG,1993,14.229115
ARG,1994,16.264364
ARG,1995,19.057482
ARG,1996,23.936634
ARG,1997,23.406992
ARG,1998,22.246105
ARG,1999,20.943682
ARG,2000,20.869158
ARG,2001,20.300793
ARG,2002,18.544622
ARG,2003,19.140049
ARG,2004,19.305756
ARG,2005,19.672619
ARG,2006,20.713331
ARG,2007,21.948978
ARG,2008,23.103422
ARG,2009,22.24469
ARG,2010,24.664722
ARG,2011,27.121876
ARG,2012,27.660812
ARG,2013,27.395718
ARG,2014,26.616257
ARG,2015,26.997778
ARG,2016,27.98419
ARG,2017,30.95546
ARG,2018,30.952593
ARG,2019,29.42588
AUS,1950,15.326854
AUS,1951,14.583223
AUS,1952,14.244756
AUS,1953,15.922848
AUS,1954,16.903465
AUS,1955,17.536858
AUS,1956,17.582268
AUS,1957,17.63839
AUS,1958,19.052452
AUS,1959,20.235952
AUS,1960,20.1224
AUS,1961,20.69601
AUS,1962,21.355865
AUS,1963,22.279251
AUS,1964,22.616526
AUS,1965,22.28722
AUS,1966,23.039864
AUS,1967,23.400547
AUS,1968,24.619623
AUS,1969,25.82899
AUS,1970,25.910576
AUS,1971,26.630285
AUS,1972,27.428501
AUS,1973,28.128069
AUS,1974,26.41765
AUS,1975,27.250248
AUS,1976,27.906076
AUS,1977,28.141
AUS,1978,29.353878
AUS,1979,29.825207
AUS,1980,30.047503
AUS,1981,31.262638
AUS,1982,31.00233
AUS,1983,33.59127
AUS,1984,33.348927
AUS,1985,33.28966
AUS,1986,32.70697
AUS,1987,34.633392
AUS,1988,35.419254
AUS,1989,34.992744
AUS,1990,34.717422
AUS,1991,35.753605
AUS,1992,37.43999
AUS,1993,38.279926
AUS,1994,38.63741
AUS,1995,39.189438
AUS,1996,41.00176
AUS,1997,42.7722
AUS,1998,43.82873
AUS,1999,45.23416
AUS,2000,45.415455
AUS,2001,47.16524
AUS,2002,47.55953
AUS,2003,48.647198
AUS,2004,49.612198
AUS,2005,51.532955
AUS,2006,51.622116
AUS,2007,51.45444
AUS,2008,52.85944
AUS,2009,53.129284
AUS,2010,56.738533
AUS,2011,58.76907
AUS,2012,58.172035
AUS,2013,60.47338
AUS,2014,60.122875
AUS,2015,56.053726
AUS,2016,59.619713
AUS,2017,60.34168
AUS,2018,61.878532
AUS,2019,61.438488
AUT,1950,6.7967925
AUT,1951,7.0160127
AUT,1952,7.386129
AUT,1953,7.873534
AUT,1954,8.202217
AUT,1955,8.572045
AUT,1956,8.942056
AUT,1957,9.213891
AUT,1958,9.5254965
AUT,1959,9.716994
AUT,1960,10.225922
AUT,1961,10.795698
AUT,1962,11.221848
AUT,1963,11.838527
AUT,1964,12.501663
AUT,1965,13.064591
AUT,1966,13.925265
AUT,1967,14.681521
AUT,1968,15.617279
AUT,1969,16.530752
AUT,1970,18.078392
AUT,1971,18.890709
AUT,1972,19.690424
AUT,1973,20.484371
AUT,1974,20.085234
AUT,1975,21.07803
AUT,1976,21.563398
AUT,1977,22.143019
AUT,1978,22.688196
AUT,1979,23.097084
AUT,1980,23.132545
AUT,1981,24.011904
AUT,1982,24.280458
AUT,1983,24.949306
AUT,1984,24.873604
AUT,1985,25.388908
AUT,1986,26.524275
AUT,1987,27.812836
AUT,1988,29.295618
AUT,1989,30.260357
AUT,1990,31.620522
AUT,1991,32.5917
AUT,1992,34.509747
AUT,1993,35.524967
AUT,1994,37.20332
AUT,1995,39.36852
AUT,1996,39.323376
AUT,1997,40.81398
AUT,1998,42.53225
AUT,1999,43.386806
AUT,2000,45.390182
AUT,2001,44.377754
AUT,2002,45.44068
AUT,2003,46.49087
AUT,2004,48.04215
AUT,2005,52.797462
AUT,2006,53.47992
AUT,2007,54.648876
AUT,2008,55.810387
AUT,2009,54.958294
AUT,2010,56.444805
AUT,2011,57.740795
AUT,2012,58.960068
AUT,2013,58.534805
AUT,2014,61.13571
AUT,2015,62.702095
AUT,2016,62.37842
AUT,2017,64.780174
AUT,2018,65.06293
AUT,2019,65.15168
BGD,1970,1.9758757
BGD,1971,1.9720889
BGD,1972,1.9011652
BGD,1973,1.6317824
BGD,1974,1.6356674
BGD,1975,1.5350242
BGD,1976,1.687655
BGD,1977,1.7574726
BGD,1978,1.7549671
BGD,1979,1.8085406
BGD,1980,1.7507269
BGD,1981,1.7374474
BGD,1982,1.6815083
BGD,1983,1.6633503
BGD,1984,1.7687905
BGD,1985,1.8202491
BGD,1986,1.8362675
BGD,1987,1.8129264
BGD,1988,1.8591352
BGD,1989,2.0305157
BGD,1990,2.0360405
BGD,1991,2.0363715
BGD,1992,2.0315714
BGD,1993,2.0196857
BGD,1994,2.047829
BGD,1995,2.0752869
BGD,1996,2.0698934
BGD,1997,2.005104
BGD,1998,1.9297974
BGD,1999,1.8166075
BGD,2000,1.8243959
BGD,2001,1.8358469
BGD,2002,1.8910693
BGD,2003,1.9046307
BGD,2004,1.9024031
BGD,2005,1.9349834
BGD,2006,2.0549672
BGD,2007,2.224288
BGD,2008,2.424032
BGD,2009,2.5682456
BGD,2010,2.787817
BGD,2011,3.2355232
BGD,2012,3.3843846
BGD,2013,3.6154296
BGD,2014,3.7923138
BGD,2015,4.0340605
BGD,2016,4.1130853
BGD,2017,4.3076367
BGD,2018,4.59153
BGD,2019,4.791032
BEL,1950,9.94314
BEL,1951,10.412888
BEL,1952,10.693442
BEL,1953,11.086224
BEL,1954,11.657062
BEL,1955,12.236811
BEL,1956,12.642281
BEL,1957,12.831566
BEL,1958,12.87857
BEL,1959,13.44223
BEL,1960,13.883655
BEL,1961,14.612758
BEL,1962,15.258905
BEL,1963,15.8409395
BEL,1964,16.788185
BEL,1965,17.418419
BEL,1966,17.935627
BEL,1967,18.814426
BEL,1968,19.754189
BEL,1969,20.743181
BEL,1970,22.066738
BEL,1971,22.896698
BEL,1972,24.705898
BEL,1973,26.589188
BEL,1974,27.868486
BEL,1975,28.191437
BEL,1976,30.153198
BEL,1977,31.17045
BEL,1978,32.67755
BEL,1979,33.714867
BEL,1980,36.538177
BEL,1981,35.961025
BEL,1982,35.55492
BEL,1983,34.816666
BEL,1984,34.224102
BEL,1985,32.248432
BEL,1986,34.75912
BEL,1987,36.761803
BEL,1988,39.16166
BEL,1989,39.83133
BEL,1990,40.869923
BEL,1991,42.31519
BEL,1992,44.594162
BEL,1993,46.442467
BEL,1994,47.816906
BEL,1995,48.26082
BEL,1996,48.773266
BEL,1997,50.29988
BEL,1998,49.44472
BEL,1999,51.10491
BEL,2000,52.970646
BEL,2001,52.792484
BEL,2002,53.71766
BEL,2003,55.915703
BEL,2004,57.090435
BEL,2005,63.273796
BEL,2006,60.26023
BEL,2007,61.016037
BEL,2008,65.654396
BEL,2009,64.385025
BEL,2010,69.09867
BEL,2011,67.528786
BEL,2012,67.90891
BEL,2013,67.90904
BEL,2014,68.081566
BEL,2015,66.488235
BEL,2016,66.85479
BEL,2017,68.51652
BEL,2018,66.245094
BEL,2019,66.26524
BRA,1950,2.5495155
BRA,1951,2.5436735
BRA,1952,2.7247734
BRA,1953,2.726391
BRA,1954,2.8643858
BRA,1955,2.9838479
BRA,1956,2.993859
BRA,1957,3.1496594
BRA,1958,3.2231312
BRA,1959,3.2603498
BRA,1960,3.4564524
BRA,1961,3.843372
BRA,1962,4.0359454
BRA,1963,4.2099233
BRA,1964,4.290529
BRA,1965,4.448137
BRA,1966,4.5464325
BRA,1967,4.8078704
BRA,1968,5.1697
BRA,1969,5.1182575
BRA,1970,5.6747894
BRA,1971,6.0639844
BRA,1972,6.4906282
BRA,1973,6.6190286
BRA,1974,7.0814433
BRA,1975,7.2509727
BRA,1976,7.7251
BRA,1977,7.259542
BRA,1978,7.3717403
BRA,1979,8.0860195
BRA,1980,8.250562
BRA,1981,8.253053
BRA,1982,8.056729
BRA,1983,7.842175
BRA,1984,7.8956366
BRA,1985,7.777703
BRA,1986,8.696103
BRA,1987,8.725506
BRA,1988,8.544542
BRA,1989,8.606755
BRA,1990,8.242826
BRA,1991,9.07414
BRA,1992,9.409157
BRA,1993,10.025202
BRA,1994,11.191038
BRA,1995,12.966644
BRA,1996,15.900982
BRA,1997,15.198671
BRA,1998,14.644109
BRA,1999,13.644428
BRA,2000,13.205463
BRA,2001,13.1499
BRA,2002,12.790789
BRA,2003,12.609983
BRA,2004,12.661911
BRA,2005,12.894449
BRA,2006,13.6727295
BRA,2007,15.1835165
BRA,2008,16.644289
BRA,2009,17.25405
BRA,2010,19.317396
BRA,2011,20.919428
BRA,2012,20.70806
BRA,2013,20.708025
BRA,2014,20.427624
BRA,2015,19.356064
BRA,2016,18.864923
BRA,2017,19.188293
BRA,2018,19.362707
BRA,2019,19.195236
BGR,1995,15.871054
BGR,1996,15.218238
BGR,1997,11.6641445
BGR,1998,14.167984
BGR,1999,14.213296
BGR,2000,15.97558
BGR,2001,16.91231
BGR,2002,17.264715
BGR,2003,17.42531
BGR,2004,17.387133
BGR,2005,19.274733
BGR,2006,19.62069
BGR,2007,20.245644
BGR,2008,20.501387
BGR,2009,21.017033
BGR,2010,23.100565
BGR,2011,23.712515
BGR,2012,24.541597
BGR,2013,23.3278
BGR,2014,23.708328
BGR,2015,24.152256
BGR,2016,25.448772
BGR,2017,25.392122
BGR,2018,26.212673
BGR,2019,26.554285
KHM,1993,1.4276047
KHM,1994,1.5565166
KHM,1995,1.6360574
KHM,1996,1.5068518
KHM,1997,1.4833804
KHM,1998,1.3490212
KHM,1999,1.3725711
KHM,2000,1.4149227
KHM,2001,1.3620656
KHM,2002,1.3941027
KHM,2003,1.4804914
KHM,2004,1.5548357
KHM,2005,1.7654465
KHM,2006,1.8179532
KHM,2007,1.9759583
KHM,2008,2.1253846
KHM,2009,1.9446102
KHM,2010,1.9493625
KHM,2011,2.0494177
KHM,2012,2.262898
KHM,2013,2.4935715
KHM,2014,2.528299
KHM,2015,2.7521517
KHM,2016,2.828313
KHM,2017,3.02265
KHM,2018,3.2637424
KHM,2019,3.4332101
CAN,1950,13.109431
CAN,1951,13.310611
CAN,1952,14.433081
CAN,1953,15.032083
CAN,1954,15.145221
CAN,1955,16.41964
CAN,1956,17.13559
CAN,1957,17.511963
CAN,1958,18.609625
CAN,1959,19.062283
CAN,1960,19.937597
CAN,1961,20.95527
CAN,1962,21.770847
CAN,1963,22.589294
CAN,1964,23.496054
CAN,1965,24.156694
CAN,1966,25.242016
CAN,1967,25.63635
CAN,1968,27.306343
CAN,1969,28.130598
CAN,1970,29.226566
CAN,1971,30.32986
CAN,1972,31.025532
CAN,1973,31.749811
CAN,1974,31.120964
CAN,1975,31.556856
CAN,1976,33.140583
CAN,1977,34.070026
CAN,1978,34.351818
CAN,1979,34.10858
CAN,1980,33.980278
CAN,1981,34.487015
CAN,1982,35.2997
CAN,1983,36.363117
CAN,1984,37.683777
CAN,1985,37.160995
CAN,1986,36.62128
CAN,1987,37.873367
CAN,1988,38.411175
CAN,1989,39.153515
CAN,1990,39.458393
CAN,1991,39.580822
CAN,1992,40.403233
CAN,1993,41.056454
CAN,1994,41.86076
CAN,1995,43.244484
CAN,1996,43.56252
CAN,1997,44.49898
CAN,1998,44.221897
CAN,1999,46.135338
CAN,2000,48.0997
CAN,2001,47.65457
CAN,2002,47.368656
CAN,2003,48.947586
CAN,2004,49.97147
CAN,2005,53.21647
CAN,2006,52.629272
CAN,2007,52.54481
CAN,2008,53.956257
CAN,2009,50.187183
CAN,2010,52.5742
CAN,2011,54.738247
CAN,2012,54.253727
CAN,2013,55.697662
CAN,2014,57.38791
CAN,2015,53.85795
CAN,2016,54.124077
CAN,2017,56.25572
CAN,2018,56.634796
CAN,2019,57.244343
CHL,1951,5.5921326
CHL,1952,6.0218053
CHL,1953,6.131721
CHL,1954,6.5281677
CHL,1955,6.338384
CHL,1956,6.20075
CHL,1957,6.8051887
CHL,1958,7.0324726
CHL,1959,6.9309835
CHL,1960,7.3280573
CHL,1961,7.0301957
CHL,1962,8.722542
CHL,1963,9.074608
CHL,1964,9.252068
CHL,1965,8.736322
CHL,1966,9.539887
CHL,1967,10.731418
CHL,1968,10.425693
CHL,1969,10.844285
CHL,1970,11.469013
CHL,1971,11.988064
CHL,1972,11.477937
CHL,1973,11.165739
CHL,1974,11.029987
CHL,1975,9.539661
CHL,1976,9.726201
CHL,1977,10.289013
CHL,1978,10.876611
CHL,1979,11.4169035
CHL,1980,11.384216
CHL,1981,11.511819
CHL,1982,11.05627
CHL,1983,10.234632
CHL,1984,9.979272
CHL,1985,9.420758
CHL,1986,9.263736
CHL,1987,9.521081
CHL,1988,10.019357
CHL,1989,10.428452
CHL,1990,10.217053
CHL,1991,10.965407
CHL,1992,11.760703
CHL,1993,12.317478
CHL,1994,13.427241
CHL,1995,15.035986
CHL,1996,15.147533
CHL,1997,15.38203
CHL,1998,14.596497
CHL,1999,14.155196
CHL,2000,14.319135
CHL,2001,14.177331
CHL,2002,13.952596
CHL,2003,14.278694
CHL,2004,15.642367
CHL,2005,17.545631
CHL,2006,19.737719
CHL,2007,21.209396
CHL,2008,20.655039
CHL,2009,21.182268
CHL,2010,23.995832
CHL,2011,26.033329
CHL,2012,26.869024
CHL,2013,27.298716
CHL,2014,27.769316
CHL,2015,27.039087
CHL,2016,26.58352
CHL,2017,27.260792
CHL,2018,28.114603
CHL,2019,28.418756
CHN,1970,1.4994909
CHN,1971,1.5798508
CHN,1972,1.492279
CHN,1973,1.5905421
CHN,1974,1.5722494
CHN,1975,1.5965048
CHN,1976,1.4927917
CHN,1977,1.5616083
CHN,1978,1.7562629
CHN,1979,1.7937474
CHN,1980,1.7565327
CHN,1981,1.6996822
CHN,1982,1.7360451
CHN,1983,1.8232234
CHN,1984,2.0174322
CHN,1985,2.2257786
CHN,1986,2.2396414
CHN,1987,2.3069808
CHN,1988,2.379545
CHN,1989,2.2952845
CHN,1990,2.189328
CHN,1991,2.25109
CHN,1992,2.432315
CHN,1993,2.6291595
CHN,1994,2.7920673
CHN,1995,3.0420306
CHN,1996,3.2180831
CHN,1997,3.2628345
CHN,1998,3.2003472
CHN,1999,3.320289
CHN,2000,3.524101
CHN,2001,3.775427
CHN,2002,4.0724883
CHN,2003,4.3798833
CHN,2004,4.7892036
CHN,2005,5.240103
CHN,2006,5.70952
CHN,2007,6.339555
CHN,2008,6.7905946
CHN,2009,7.314836
CHN,2010,8.160233
CHN,2011,8.755135
CHN,2012,9.246322
CHN,2013,9.604797
CHN,2014,10.032687
CHN,2015,10.392884
CHN,2016,10.742945
CHN,2017,11.3577385
CHN,2018,11.380233
CHN,2019,11.692401
COL,1950,5.212069
COL,1951,5.2169585
COL,1952,5.488161
COL,1953,5.8757877
COL,1954,6.3459153
COL,1955,6.4887123
COL,1956,6.525702
COL,1957,6.401223
COL,1958,6.2869716
COL,1959,6.5528708
COL,1960,6.8252225
COL,1961,7.0955415
COL,1962,7.2613964
COL,1963,7.305476
COL,1964,7.7356954
COL,1965,7.5665483
COL,1966,7.7332644
COL,1967,7.7763033
COL,1968,8.016389
COL,1969,8.292535
COL,1970,8.658013
COL,1971,9.3207855
COL,1972,9.962814
COL,1973,10.742559
COL,1974,11.288453
COL,1975,11.386851
COL,1976,11.813872
COL,1977,11.88478
COL,1978,12.485811
COL,1979,12.622362
COL,1980,13.006309
COL,1981,12.575456
COL,1982,12.480529
COL,1983,12.470107
COL,1984,12.669176
COL,1985,12.3817625
COL,1986,12.767563
COL,1987,12.30303
COL,1988,12.297837
COL,1989,12.063895
COL,1990,12.202242
COL,1991,11.571942
COL,1992,12.032496
COL,1993,12.007203
COL,1994,12.118897
COL,1995,12.136691
COL,1996,12.026752
COL,1997,12.097997
COL,1998,11.842075
COL,1999,11.3847885
COL,2000,11.04398
COL,2001,11.027083
COL,2002,10.495688
COL,2003,10.553985
COL,2004,10.728965
COL,2005,10.961963
COL,2006,11.455455
COL,2007,11.84688
COL,2008,12.6653185
COL,2009,12.9909935
COL,2010,13.992607
COL,2011,15.261172
COL,2012,15.648261
COL,2013,15.742564
COL,2014,16.171175
COL,2015,15.556253
COL,2016,15.507443
COL,2017,15.632915
COL,2018,16.24981
COL,2019,16.958618
CRI,1987,10.304371
CRI,1988,10.34842
CRI,1989,10.515163
CRI,1990,10.407295
CRI,1991,10.783928
CRI,1992,10.975786
CRI,1993,11.425903
CRI,1994,11.457872
CRI,1995,11.751092
CRI,1996,11.078427
CRI,1997,11.226522
CRI,1998,11.975157
CRI,1999,11.688505
CRI,2000,11.7755375
CRI,2001,12.216593
CRI,2002,11.855461
CRI,2003,11.971055
CRI,2004,12.049881
CRI,2005,12.674956
CRI,2006,12.448823
CRI,2007,12.474863
CRI,2008,12.858949
CRI,2009,13.92298
CRI,2010,14.393219
CRI,2011,14.72274
CRI,2012,16.007177
CRI,2013,15.922192
CRI,2014,16.74481
CRI,2015,17.4247
CRI,2016,17.779793
CRI,2017,18.72804
CRI,2018,19.487766
CRI,2019,20.024153
HRV,1995,14.890187
HRV,1996,15.311452
HRV,1997,16.620672
HRV,1998,17.223452
HRV,1999,17.612299
HRV,2000,18.520042
HRV,2001,19.14866
HRV,2002,20.48642
HRV,2003,21.303438
HRV,2004,21.742834
HRV,2005,23.412586
HRV,2006,24.864307
HRV,2007,26.065681
HRV,2008,27.103188
HRV,2009,26.007278
HRV,2010,26.562008
HRV,2011,28.587975
HRV,2012,29.960676
HRV,2013,29.518702
HRV,2014,28.81806
HRV,2015,30.722673
HRV,2016,31.301752
HRV,2017,33.157127
HRV,2018,32.155815
HRV,2019,32.262863
CYP,1995,31.736198
CYP,1996,31.336063
CYP,1997,32.127403
CYP,1998,31.289942
CYP,1999,32.990593
CYP,2000,37.073933
CYP,2001,36.84264
CYP,2002,35.53141
CYP,2003,32.61625
CYP,2004,32.660805
CYP,2005,37.081375
CYP,2006,37.981335
CYP,2007,38.346024
CYP,2008,39.743683
CYP,2009,40.4957
CYP,2010,41.430702
CYP,2011,41.143955
CYP,2012,43.860336
CYP,2013,42.46294
CYP,2014,40.367233
CYP,2015,41.750725
CYP,2016,43.303314
CYP,2017,42.592216
CYP,2018,41.64566
CYP,2019,42.394142
CZE,1993,22.713095
CZE,1994,23.92454
CZE,1995,24.41806
CZE,1996,25.458124
CZE,1997,24.658945
CZE,1998,23.894592
CZE,1999,24.11468
CZE,2000,24.99341
CZE,2001,27.296064
CZE,2002,26.66842
CZE,2003,28.30444
CZE,2004,28.998938
CZE,2005,30.995367
CZE,2006,31.548971
CZE,2007,33.9257
CZE,2008,34.9061
CZE,2009,34.344757
CZE,2010,34.754707
CZE,2011,35.788155
CZE,2012,36.074688
CZE,2013,35.771816
CZE,2014,36.94107
CZE,2015,37.861492
CZE,2016,37.674496
CZE,2017,39.42305
CZE,2018,40.233643
CZE,2019,40.932842
DNK,1950,11.126337
DNK,1951,10.884768
DNK,1952,11.300657
DNK,1953,11.838272
DNK,1954,12.213473
DNK,1955,12.290739
DNK,1956,12.706077
DNK,1957,13.414882
DNK,1958,13.721625
DNK,1959,14.685602
DNK,1960,15.42355
DNK,1961,16.064203
DNK,1962,16.478182
DNK,1963,16.441538
DNK,1964,17.316753
DNK,1965,17.638227
DNK,1966,17.69067
DNK,1967,18.918356
DNK,1968,20.30922
DNK,1969,21.647964
DNK,1970,21.92385
DNK,1971,23.027967
DNK,1972,24.29546
DNK,1973,25.54746
DNK,1974,25.632261
DNK,1975,26.708607
DNK,1976,27.579632
DNK,1977,28.786543
DNK,1978,29.802046
DNK,1979,30.885096
DNK,1980,30.962759
DNK,1981,30.940481
DNK,1982,31.15781
DNK,1983,31.551912
DNK,1984,31.861483
DNK,1985,31.912687
DNK,1986,33.409554
DNK,1987,34.8432
DNK,1988,35.508083
DNK,1989,36.199947
DNK,1990,37.689945
DNK,1991,38.28121
DNK,1992,39.69486
DNK,1993,40.130573
DNK,1994,42.327744
DNK,1995,43.13151
DNK,1996,44.58613
DNK,1997,45.786285
DNK,1998,46.091236
DNK,1999,47.36426
DNK,2000,49.45022
DNK,2001,48.86709
DNK,2002,48.93154
DNK,2003,50.505646
DNK,2004,53.430977
DNK,2005,57.733273
DNK,2006,58.512756
DNK,2007,59.79641
DNK,2008,62.95679
DNK,2009,62.821857
DNK,2010,68.3601
DNK,2011,69.12133
DNK,2012,69.71549
DNK,2013,68.29498
DNK,2014,68.46331
DNK,2015,67.80658
DNK,2016,69.00419
DNK,2017,72.54114
DNK,2018,73.471725
DNK,2019,76.00354
DOM,1990,7.970508
DOM,1991,7.6652966
DOM,1992,8.44671
DOM,1993,8.843941
DOM,1994,9.257128
DOM,1995,9.373549
DOM,1996,9.752136
DOM,1997,10.190414
DOM,1998,10.275898
DOM,1999,10.516266
DOM,2000,10.741322
DOM,2001,12.159381
DOM,2002,11.998438
DOM,2003,11.167237
DOM,2004,11.204515
DOM,2005,12.313813
DOM,2006,13.39217
DOM,2007,14.156733
DOM,2008,13.8189745
DOM,2009,14.579355
DOM,2010,15.407397
DOM,2011,15.218588
DOM,2012,15.260428
DOM,2013,15.17758
DOM,2014,14.930788
DOM,2015,15.97378
DOM,2016,16.787802
DOM,2017,16.889729
DOM,2018,17.066357
DOM,2019,17.53021
ECU,1995,8.462219
ECU,1996,8.222675
ECU,1997,8.293992
ECU,1998,8.085482
ECU,1999,8.654562
ECU,2000,8.451831
ECU,2001,8.54152
ECU,2002,9.023662
ECU,2003,9.242497
ECU,2004,9.732682
ECU,2005,10.5780945
ECU,2006,11.242552
ECU,2007,11.746122
ECU,2008,12.561716
ECU,2009,12.076946
ECU,2010,12.846698
ECU,2011,13.907233
ECU,2012,14.7645445
ECU,2013,15.656399
ECU,2014,15.775506
ECU,2015,14.822678
ECU,2016,14.931975
ECU,2017,15.323919
ECU,2018,15.304225
ECU,2019,15.255215
EST,1995,12.301138
EST,1996,13.50568
EST,1997,13.651728
EST,1998,13.645548
EST,1999,14.061493
EST,2000,15.343206
EST,2001,16.098131
EST,2002,17.122402
EST,2003,17.849754
EST,2004,18.683674
EST,2005,21.846905
EST,2006,22.57687
EST,2007,25.209894
EST,2008,26.09065
EST,2009,27.819883
EST,2010,30.204777
EST,2011,30.91355
EST,2012,32.658714
EST,2013,32.855225
EST,2014,33.371788
EST,2015,31.78334
EST,2016,32.530643
EST,2017,33.487995
EST,2018,35.467113
EST,2019,37.103794
FIN,1950,5.961683
FIN,1951,6.6988072
FIN,1952,6.839305
FIN,1953,6.76759
FIN,1954,7.4819784
FIN,1955,8.07144
FIN,1956,8.200379
FIN,1957,8.264831
FIN,1958,8.288224
FIN,1959,8.930468
FIN,1960,9.851797
FIN,1961,10.63842
FIN,1962,10.93978
FIN,1963,11.025875
FIN,1964,11.242805
FIN,1965,11.80405
FIN,1966,12.286873
FIN,1967,13.006341
FIN,1968,14.001974
FIN,1969,15.320489
FIN,1970,16.059736
FIN,1971,16.751348
FIN,1972,17.883585
FIN,1973,18.932371
FIN,1974,19.626944
FIN,1975,19.24504
FIN,1976,19.430626
FIN,1977,19.996984
FIN,1978,20.928228
FIN,1979,22.372446
FIN,1980,24.083199
FIN,1981,24.173162
FIN,1982,24.389318
FIN,1983,24.978033
FIN,1984,25.632359
FIN,1985,25.800379
FIN,1986,27.777464
FIN,1987,28.706995
FIN,1988,30.721735
FIN,1989,31.58303
FIN,1990,32.17027
FIN,1991,31.542807
FIN,1992,32.590652
FIN,1993,34.485252
FIN,1994,36.920357
FIN,1995,40.329865
FIN,1996,39.653557
FIN,1997,41.89941
FIN,1998,44.723362
FIN,1999,46.023457
FIN,2000,47.46425
FIN,2001,47.483337
FIN,2002,46.907173
FIN,2003,47.85348
FIN,2004,49.805534
FIN,2005,52.73542
FIN,2006,53.03463
FIN,2007,56.579884
FIN,2008,57.646393
FIN,2009,54.963795
FIN,2010,57.055943
FIN,2011,57.478252
FIN,2012,56.84866
FIN,2013,55.0958
FIN,2014,55.271935
FIN,2015,56.280693
FIN,2016,57.455666
FIN,2017,58.88464
FIN,2018,58.10097
FIN,2019,58.440796
FRA,1950,7.0669904
FRA,1951,7.3708344
FRA,1952,7.6154313
FRA,1953,8.0360365
FRA,1954,8.459862
FRA,1955,8.945585
FRA,1956,9.514151
FRA,1957,10.132573
FRA,1958,10.56748
FRA,1959,10.923368
FRA,1960,11.760632
FRA,1961,12.476836
FRA,1962,13.259141
FRA,1963,14.115616
FRA,1964,14.846327
FRA,1965,15.589289
FRA,1966,16.37379
FRA,1967,17.421177
FRA,1968,18.424807
FRA,1969,20.164831
FRA,1970,21.312586
FRA,1971,22.54977
FRA,1972,24.26745
FRA,1973,25.896788
FRA,1974,27.329742
FRA,1975,27.793558
FRA,1976,28.47386
FRA,1977,30.002554
FRA,1978,31.754593
FRA,1979,32.94602
FRA,1980,33.6654
FRA,1981,33.427803
FRA,1982,34.671894
FRA,1983,34.535408
FRA,1984,34.488884
FRA,1985,34.685844
FRA,1986,36.508186
FRA,1987,36.967834
FRA,1988,38.251118
FRA,1989,39.538567
FRA,1990,40.628033
FRA,1991,40.906864
FRA,1992,42.00623
FRA,1993,42.577908
FRA,1994,43.298325
FRA,1995,44.417713
FRA,1996,45.24303
FRA,1997,47.492073
FRA,1998,49.58453
FRA,1999,50.931835
FRA,2000,53.307465
FRA,2001,54.71325
FRA,2002,55.974445
FRA,2003,54.45298
FRA,2004,54.626713
FRA,2005,58.805424
FRA,2006,60.341972
FRA,2007,61.384407
FRA,2008,61.362904
FRA,2009,60.533497
FRA,2010,62.623447
FRA,2011,63.61985
FRA,2012,64.426056
FRA,2013,64.4049
FRA,2014,64.65075
FRA,2015,65.6156
FRA,2016,65.87519
FRA,2017,68.37434
FRA,2018,68.86071
FRA,2019,68.63126
DEU,1950,4.7953887
DEU,1951,5.26503
DEU,1952,5.704417
DEU,1953,6.1068497
DEU,1954,6.508941
DEU,1955,7.258235
DEU,1956,7.7465124
DEU,1957,8.123039
DEU,1958,8.419739
DEU,1959,9.1394
DEU,1960,9.996917
DEU,1961,10.425338
DEU,1962,10.9673395
DEU,1963,11.367186
DEU,1964,12.132016
DEU,1965,12.7834835
DEU,1966,13.337516
DEU,1967,13.751142
DEU,1968,14.593636
DEU,1969,15.692115
DEU,1970,16.493956
DEU,1971,17.306416
DEU,1972,18.368864
DEU,1973,19.575747
DEU,1974,20.411127
DEU,1975,21.18582
DEU,1976,22.1344
DEU,1977,23.124657
DEU,1978,23.992764
DEU,1979,24.956835
DEU,1980,25.373142
DEU,1981,25.213594
DEU,1982,24.999678
DEU,1983,25.374886
DEU,1984,25.644768
DEU,1985,25.79623
DEU,1986,27.840014
DEU,1987,29.226923
DEU,1988,30.688011
DEU,1989,32.26974
DEU,1990,35.48058
DEU,1991,39.042515
DEU,1992,40.763165
DEU,1993,42.447567
DEU,1994,44.128757
DEU,1995,45.659077
DEU,1996,46.71666
DEU,1997,48.596165
DEU,1998,49.783123
DEU,1999,51.45359
DEU,2000,52.285507
DEU,2001,53.48152
DEU,2002,53.929928
DEU,2003,56.040497
DEU,2004,57.46974
DEU,2005,60.835007
DEU,2006,60.941315
DEU,2007,63.31257
DEU,2008,64.230896
DEU,2009,61.58084
DEU,2010,63.392994
DEU,2011,65.64055
DEU,2012,65.28418
DEU,2013,65.47312
DEU,2014,67.03571
DEU,2015,65.975876
DEU,2016,67.61837
DEU,2017,69.84848
DEU,2018,69.22487
DEU,2019,68.8512
GRC,1951,3.6363769
GRC,1952,3.5349402
GRC,1953,3.9919205
GRC,1954,4.0549016
GRC,1955,4.315129
GRC,1956,4.681695
GRC,1957,5.0393863
GRC,1958,5.270527
GRC,1959,5.4889517
GRC,1960,5.5945997
GRC,1961,6.369367
GRC,1962,6.3553023
GRC,1963,7.309627
GRC,1964,7.975922
GRC,1965,8.941835
GRC,1966,9.773971
GRC,1967,10.441654
GRC,1968,11.31966
GRC,1969,12.700157
GRC,1970,14.167641
GRC,1971,15.202813
GRC,1972,16.628654
GRC,1973,17.610304
GRC,1974,16.418835
GRC,1975,17.327635
GRC,1976,18.233162
GRC,1977,18.446585
GRC,1978,19.632868
GRC,1979,19.80273
GRC,1980,19.850082
GRC,1981,18.889305
GRC,1982,18.45468
GRC,1983,18.135271
GRC,1984,18.596132
GRC,1985,18.799734
GRC,1986,19.476492
GRC,1987,19.275963
GRC,1988,20.28786
GRC,1989,21.167871
GRC,1990,21.163189
GRC,1991,22.957603
GRC,1992,22.959055
GRC,1993,23.204052
GRC,1994,23.899431
GRC,1995,24.422226
GRC,1996,25.27915
GRC,1997,27.682163
GRC,1998,28.066174
GRC,1999,28.65987
GRC,2000,29.945686
GRC,2001,31.08533
GRC,2002,31.685326
GRC,2003,31.434181
GRC,2004,32.293423
GRC,2005,31.981937
GRC,2006,34.261112
GRC,2007,34.34362
GRC,2008,35.341404
GRC,2009,35.15161
GRC,2010,34.640182
GRC,2011,33.544884
GRC,2012,33.95745
GRC,2013,34.727486
GRC,2014,34.524815
GRC,2015,34.289143
GRC,2016,33.34414
GRC,2017,33.359955
GRC,2018,32.902008
GRC,2019,33.032787
HKG,1960,5.949894
HKG,1961,6.0440574
HKG,1962,6.3918276
HKG,1963,6.9649568
HKG,1964,7.40678
HKG,1965,8.207192
HKG,1966,8.504254
HKG,1967,8.559179
HKG,1968,8.833507
HKG,1969,9.653987
HKG,1970,10.348625
HKG,1971,10.910025
HKG,1972,11.650976
HKG,1973,12.742074
HKG,1974,12.584008
HKG,1975,12.200911
HKG,1976,13.432411
HKG,1977,14.324502
HKG,1978,15.028026
HKG,1979,16.468327
HKG,1980,16.987736
HKG,1981,17.027994
HKG,1982,17.553545
HKG,1983,18.555834
HKG,1984,19.755888
HKG,1985,19.121313
HKG,1986,21.130342
HKG,1987,24.433487
HKG,1988,24.47147
HKG,1989,26.892668
HKG,1990,30.08892
HKG,1991,31.044765
HKG,1992,35.249393
HKG,1993,36.32831
HKG,1994,36.923283
HKG,1995,38.503506
HKG,1996,38.27425
HKG,1997,38.6659
HKG,1998,36.353676
HKG,1999,36.439953
HKG,2000,39.117367
HKG,2001,40.923954
HKG,2002,42.99499
HKG,2003,44.95894
HKG,2004,50.00593
HKG,2005,52.222424
HKG,2006,48.138252
HKG,2007,49.574165
HKG,2008,48.996628
HKG,2009,44.87837
HKG,2010,47.956963
HKG,2011,51.55522
HKG,2012,53.542377
HKG,2013,58.722065
HKG,2014,52.201286
HKG,2015,44.90758
HKG,2016,44.55309
HKG,2017,44.372982
HKG,2018,49.2496
HKG,2019,49.118412
HUN,1980,10.902857
HUN,1981,11.121633
HUN,1982,11.780672
HUN,1983,11.836755
HUN,1984,12.418221
HUN,1985,12.585481
HUN,1986,13.288739
HUN,1987,13.991702
HUN,1988,14.084562
HUN,1989,14.736718
HUN,1990,15.225895
HUN,1991,14.861748
HUN,1992,16.638283
HUN,1993,18.909113
HUN,1994,19.135939
HUN,1995,19.703987
HUN,1996,20.291533
HUN,1997,19.881853
HUN,1998,19.863832
HUN,1999,19.768736
HUN,2000,21.24833
HUN,2001,22.846094
HUN,2002,24.288334
HUN,2003,25.020475
HUN,2004,24.977934
HUN,2005,28.270016
HUN,2006,28.380608
HUN,2007,29.219303
HUN,2008,32.15439
HUN,2009,32.217777
HUN,2010,34.13525
HUN,2011,35.106853
HUN,2012,34.620945
HUN,2013,34.357777
HUN,2014,33.291115
HUN,2015,33.037334
HUN,2016,31.614153
HUN,2017,33.0558
HUN,2018,33.815914
HUN,2019,34.83344
ISL,1964,18.141075
ISL,1965,19.184896
ISL,1966,20.136305
ISL,1967,19.872221
ISL,1968,18.565561
ISL,1969,19.609669
ISL,1970,20.465137
ISL,1971,23.76881
ISL,1972,23.276733
ISL,1973,25.553173
ISL,1974,26.895184
ISL,1975,26.904255
ISL,1976,26.417429
ISL,1977,30.380062
ISL,1978,31.592281
ISL,1979,33.072083
ISL,1980,34.25886
ISL,1981,34.399452
ISL,1982,34.675175
ISL,1983,31.150745
ISL,1984,33.781956
ISL,1985,32.1699
ISL,1986,33.979893
ISL,1987,36.013073
ISL,1988,38.36516
ISL,1989,37.30818
ISL,1990,37.674282
ISL,1991,38.367603
ISL,1992,36.88827
ISL,1993,37.167595
ISL,1994,38.65729
ISL,1995,37.698425
ISL,1996,38.019096
ISL,1997,41.168324
ISL,1998,41.894547
ISL,1999,43.916428
ISL,2000,41.566692
ISL,2001,42.906994
ISL,2002,44.33425
ISL,2003,45.291386
ISL,2004,47.687218
ISL,2005,50.887196
ISL,2006,47.754246
ISL,2007,49.233704
ISL,2008,62.21874
ISL,2009,60.839947
ISL,2010,56.17161
ISL,2011,56.308052
ISL,2012,57.967678
ISL,2013,56.47683
ISL,2014,56.82377
ISL,2015,58.148865
ISL,2016,58.311256
ISL,2017,59.125015
ISL,2018,60.209545
ISL,2019,64.24422
IND,1970,1.9620081
IND,1971,1.9834533
IND,1972,1.9902271
IND,1973,2.048084
IND,1974,1.9792039
IND,1975,2.1095817
IND,1976,2.0281641
IND,1977,1.9587873
IND,1978,1.8642068
IND,1979,1.6844178
IND,1980,1.67654
IND,1981,1.6167982
IND,1982,1.5362915
IND,1983,1.5375211
IND,1984,1.4994639
IND,1985,1.4836581
IND,1986,1.5037689
IND,1987,1.5401372
IND,1988,1.6158221
IND,1989,1.682339
IND,1990,1.7396741
IND,1991,1.7505404
IND,1992,1.8028334
IND,1993,1.8518116
IND,1994,1.9338377
IND,1995,2.0703006
IND,1996,2.2112768
IND,1997,2.286061
IND,1998,2.450466
IND,1999,2.5882545
IND,2000,2.6448793
IND,2001,2.7175374
IND,2002,2.7897158
IND,2003,2.9582071
IND,2004,3.1424246
IND,2005,3.5561693
IND,2006,3.982323
IND,2007,4.450151
IND,2008,4.6965976
IND,2009,4.9839163
IND,2010,5.6992044
IND,2011,6.130244
IND,2012,6.6602244
IND,2013,6.5481606
IND,2014,6.832327
IND,2015,7.217728
IND,2016,7.6099877
IND,2017,8.009788
IND,2018,8.536673
IND,2019,8.680879
IDN,1970,2.3521268
IDN,1971,2.4697526
IDN,1972,2.6786692
IDN,1973,2.8452399
IDN,1974,3.0196362
IDN,1975,3.1843622
IDN,1976,3.4578304
IDN,1977,3.669632
IDN,1978,3.6136928
IDN,1979,3.7664351
IDN,1980,3.906127
IDN,1981,3.9127767
IDN,1982,3.9213433
IDN,1983,3.9616506
IDN,1984,3.962322
IDN,1985,3.8789003
IDN,1986,4.07864
IDN,1987,4.053773
IDN,1988,3.9568906
IDN,1989,4.0882397
IDN,1990,4.448761
IDN,1991,4.7533717
IDN,1992,5.0228434
IDN,1993,5.3013487
IDN,1994,5.382208
IDN,1995,5.7512407
IDN,1996,6.1446958
IDN,1997,6.1283298
IDN,1998,4.7448893
IDN,1999,4.656925
IDN,2000,4.382114
IDN,2001,4.385334
IDN,2002,4.4666085
IDN,2003,4.4112577
IDN,2004,4.7213187
IDN,2005,5.1756444
IDN,2006,5.662398
IDN,2007,6.0105486
IDN,2008,7.06172
IDN,2009,7.597824
IDN,2010,8.849966
IDN,2011,10.731469
IDN,2012,11.094654
IDN,2013,11.260451
IDN,2014,11.359391
IDN,2015,11.100419
IDN,2016,11.205149
IDN,2017,11.354788
IDN,2018,11.730033
IDN,2019,11.843272
IRL,1950,5.2342935
IRL,1951,5.378119
IRL,1952,5.675927
IRL,1953,5.894644
IRL,1954,6.0741744
IRL,1955,6.350703
IRL,1956,6.411081
IRL,1957,6.654661
IRL,1958,6.6692576
IRL,1959,7.029379
IRL,1960,7.4512405
IRL,1961,7.8206625
IRL,1962,7.9306865
IRL,1963,8.240917
IRL,1964,8.439605
IRL,1965,8.567076
IRL,1966,8.7227335
IRL,1967,9.282924
IRL,1968,9.957421
IRL,1969,10.400439
IRL,1970,10.674877
IRL,1971,10.967216
IRL,1972,12.080991
IRL,1973,12.673017
IRL,1974,13.019011
IRL,1975,13.818489
IRL,1976,14.5897
IRL,1977,15.715906
IRL,1978,17.13532
IRL,1979,17.37598
IRL,1980,18.61795
IRL,1981,19.287746
IRL,1982,19.674534
IRL,1983,19.558456
IRL,1984,20.572546
IRL,1985,20.62267
IRL,1986,21.63599
IRL,1987,23.224161
IRL,1988,24.035942
IRL,1989,25.458107
IRL,1990,26.439726
IRL,1991,27.536348
IRL,1992,30.136293
IRL,1993,31.908913
IRL,1994,32.412807
IRL,1995,35.50946
IRL,1996,37.13154
IRL,1997,40.08107
IRL,1998,41.376198
IRL,1999,42.902386
IRL,2000,46.069473
IRL,2001,48.288296
IRL,2002,53.845882
IRL,2003,58.170265
IRL,2004,59.9059
IRL,2005,62.796043
IRL,2006,62.327534
IRL,2007,66.14504
IRL,2008,64.22194
IRL,2009,67.34492
IRL,2010,74.460724
IRL,2011,76.79019
IRL,2012,78.489105
IRL,2013,76.15627
IRL,2014,79.81215
IRL,2015,100.3916
IRL,2016,105.04378
IRL,2017,109.488304
IRL,2018,112.76292
IRL,2019,125.09254
ISR,1981,25.199104
ISR,1982,25.77843
ISR,1983,26.18268
ISR,1984,26.192846
ISR,1985,26.883018
ISR,1986,28.37297
ISR,1987,30.024689
ISR,1988,30.745424
ISR,1989,29.520636
ISR,1990,31.83879
ISR,1991,33.014473
ISR,1992,33.459423
ISR,1993,33.239883
ISR,1994,32.52806
ISR,1995,33.056637
ISR,1996,33.89172
ISR,1997,34.920345
ISR,1998,36.30148
ISR,1999,37.191696
ISR,2000,39.284286
ISR,2001,40.261395
ISR,2002,39.768715
ISR,2003,38.233845
ISR,2004,38.01697
ISR,2005,37.394157
ISR,2006,36.933624
ISR,2007,35.61613
ISR,2008,34.43854
ISR,2009,35.472633
ISR,2010,36.304157
ISR,2011,37.192833
ISR,2012,38.331303
ISR,2013,39.498203
ISR,2014,39.54524
ISR,2015,40.402554
ISR,2016,41.430664
ISR,2017,41.02011
ISR,2018,40.3151
ISR,2019,40.870785
ITA,1950,5.0973253
ITA,1951,5.529937
ITA,1952,5.6422157
ITA,1953,5.9650664
ITA,1954,6.121146
ITA,1955,6.520286
ITA,1956,6.725706
ITA,1957,6.957694
ITA,1958,7.218494
ITA,1959,7.7035327
ITA,1960,8.376799
ITA,1961,9.090406
ITA,1962,9.854922
ITA,1963,10.556045
ITA,1964,10.92292
ITA,1965,11.839702
ITA,1966,12.59563
ITA,1967,13.180837
ITA,1968,14.087964
ITA,1969,15.063651
ITA,1970,17.194502
ITA,1971,18.077612
ITA,1972,19.214191
ITA,1973,20.785011
ITA,1974,22.29254
ITA,1975,22.205618
ITA,1976,24.217577
ITA,1977,25.867733
ITA,1978,27.44275
ITA,1979,29.704462
ITA,1980,31.238718
ITA,1981,30.652529
ITA,1982,29.897789
ITA,1983,29.369656
ITA,1984,29.914227
ITA,1985,29.993383
ITA,1986,31.567087
ITA,1987,32.817375
ITA,1988,33.76746
ITA,1989,35.157635
ITA,1990,36.40853
ITA,1991,37.00646
ITA,1992,37.897182
ITA,1993,38.85644
ITA,1994,40.806324
ITA,1995,42.764477
ITA,1996,43.20181
ITA,1997,45.140743
ITA,1998,46.576984
ITA,1999,47.538704
ITA,2000,48.2648
ITA,2001,47.548306
ITA,2002,46.23609
ITA,2003,45.945816
ITA,2004,45.94257
ITA,2005,47.60363
ITA,2006,48.333866
ITA,2007,49.925472
ITA,2008,51.43633
ITA,2009,51.19159
ITA,2010,52.05406
ITA,2011,53.21145
ITA,2012,53.286415
ITA,2013,53.77871
ITA,2014,53.765285
ITA,2015,53.381702
ITA,2016,54.944733
ITA,2017,56.27207
ITA,2018,56.152653
ITA,2019,56.090836
JAM,1986,6.569074
JAM,1987,6.9643955
JAM,1988,7.0113463
JAM,1989,6.8468513
JAM,1990,7.360053
JAM,1991,7.0897293
JAM,1992,7.4436655
JAM,1993,8.020387
JAM,1994,7.858575
JAM,1995,7.676884
JAM,1996,7.796191
JAM,1997,7.8006964
JAM,1998,7.818909
JAM,1999,8.219032
JAM,2000,8.493388
JAM,2001,8.421036
JAM,2002,7.7089267
JPN,1950,2.9542785
JPN,1951,3.2141197
JPN,1952,3.4887261
JPN,1953,3.5962312
JPN,1954,3.682381
JPN,1955,3.8038588
JPN,1956,3.887944
JPN,1957,4.009947
JPN,1958,4.2339463
JPN,1959,4.5437784
JPN,1960,4.9748535
JPN,1961,5.437169
JPN,1962,5.9444823
JPN,1963,6.4009037
JPN,1964,7.006454
JPN,1965,7.3866434
JPN,1966,7.951002
JPN,1967,8.553841
JPN,1968,9.457534
JPN,1969,10.59508
JPN,1970,11.621735
JPN,1971,12.264989
JPN,1972,13.288109
JPN,1973,14.12886
JPN,1974,14.498506
JPN,1975,15.430777
JPN,1976,16.110264
JPN,1977,16.94812
JPN,1978,18.015442
JPN,1979,18.977034
JPN,1980,19.919168
JPN,1981,19.794418
JPN,1982,19.3592
JPN,1983,18.713303
JPN,1984,18.601988
JPN,1985,19.199963
JPN,1986,20.806864
JPN,1987,22.112892
JPN,1988,24.090681
JPN,1989,25.69327
JPN,1990,27.704779
JPN,1991,29.11402
JPN,1992,30.590227
JPN,1993,31.973555
JPN,1994,33.269157
JPN,1995,34.962364
JPN,1996,36.679893
JPN,1997,37.125977
JPN,1998,37.549026
JPN,1999,38.38752
JPN,2000,39.46904
JPN,2001,39.568127
JPN,2002,40.303066
JPN,2003,40.888096
JPN,2004,41.53163
JPN,2005,42.49986
JPN,2006,42.47058
JPN,2007,43.1645
JPN,2008,42.903145
JPN,2009,42.11367
JPN,2010,43.54393
JPN,2011,42.942596
JPN,2012,42.834938
JPN,2013,43.479416
JPN,2014,42.72143
JPN,2015,43.800053
JPN,2016,42.68171
JPN,2017,42.422935
JPN,2018,41.73783
JPN,2019,42.56412
LVA,1995,12.985339
LVA,1996,12.997838
LVA,1997,12.715266
LVA,1998,13.3560705
LVA,1999,14.04626
LVA,2000,15.379379
LVA,2001,16.111881
LVA,2002,16.826601
LVA,2003,17.188547
LVA,2004,18.271309
LVA,2005,20.249609
LVA,2006,20.295149
LVA,2007,21.64383
LVA,2008,21.668264
LVA,2009,22.450373
LVA,2010,24.840263
LVA,2011,26.467049
LVA,2012,27.315512
LVA,2013,26.652649
LVA,2014,27.709826
LVA,2015,28.915426
LVA,2016,29.639683
LVA,2017,31.568642
LVA,2018,32.110943
LVA,2019,33.538006
LTU,1995,13.423672
LTU,1996,13.824675
LTU,1997,14.269204
LTU,1998,14.452004
LTU,1999,15.718054
LTU,2000,16.39442
LTU,2001,18.375858
LTU,2002,18.405815
LTU,2003,20.024971
LTU,2004,19.407793
LTU,2005,21.624893
LTU,2006,23.029945
LTU,2007,24.129486
LTU,2008,25.523405
LTU,2009,24.81404
LTU,2010,27.068996
LTU,2011,30.08933
LTU,2012,31.269558
LTU,2013,31.211437
LTU,2014,31.880714
LTU,2015,31.018784
LTU,2016,30.58074
LTU,2017,32.991947
LTU,2018,33.26906
LTU,2019,34.452484
LUX,1970,30.716282
LUX,1971,28.825438
LUX,1972,30.601368
LUX,1973,34.103073
LUX,1974,36.01707
LUX,1975,31.312027
LUX,1976,33.031868
LUX,1977,33.72716
LUX,1978,36.06394
LUX,1979,37.512104
LUX,1980,38.17537
LUX,1981,37.159145
LUX,1982,37.68731
LUX,1983,37.759834
LUX,1984,37.386055
LUX,1985,36.574913
LUX,1986,41.333984
LUX,1987,41.482628
LUX,1988,44.091885
LUX,1989,47.893295
LUX,1990,48.39339
LUX,1991,52.240227
LUX,1992,52.31414
LUX,1993,54.948154
LUX,1994,57.205894
LUX,1995,55.88858
LUX,1996,55.281155
LUX,1997,58.60165
LUX,1998,61.02755
LUX,1999,65.29109
LUX,2000,68.86972
LUX,2001,62.06307
LUX,2002,59.05566
LUX,2003,56.653072
LUX,2004,51.67782
LUX,2005,64.665146
LUX,2006,61.935383
LUX,2007,62.911896
LUX,2008,59.389694
LUX,2009,56.49086
LUX,2010,63.204834
LUX,2011,61.924755
LUX,2012,64.0331
LUX,2013,61.830307
LUX,2014,71.58993
LUX,2015,76.55745
LUX,2016,80.007385
LUX,2017,83.16536
LUX,2018,79.94896
LUX,2019,80.32644
MYS,1970,5.2937045
MYS,1971,6.261472
MYS,1972,6.5417657
MYS,1973,7.150495
MYS,1974,7.6739383
MYS,1975,7.207733
MYS,1976,7.777414
MYS,1977,8.145012
MYS,1978,8.404568
MYS,1979,8.814994
MYS,1980,9.33851
MYS,1981,9.436366
MYS,1982,9.71564
MYS,1983,9.9348135
MYS,1984,10.503425
MYS,1985,9.611052
MYS,1986,8.741961
MYS,1987,9.061251
MYS,1988,9.595155
MYS,1989,10.225831
MYS,1990,10.988868
MYS,1991,11.859501
MYS,1992,12.286084
MYS,1993,12.821822
MYS,1994,13.659403
MYS,1995,14.970428
MYS,1996,14.883565
MYS,1997,15.305839
MYS,1998,13.057715
MYS,1999,13.360628
MYS,2000,14.736472
MYS,2001,14.409602
MYS,2002,14.822029
MYS,2003,15.311852
MYS,2004,16.641
MYS,2005,18.53259
MYS,2006,18.568468
MYS,2007,20.199362
MYS,2008,22.691992
MYS,2009,20.84442
MYS,2010,20.954391
MYS,2011,22.940886
MYS,2012,24.051357
MYS,2013,24.076591
MYS,2014,23.687654
MYS,2015,23.080912
MYS,2016,23.226147
MYS,2017,23.654076
MYS,2018,24.144674
MYS,2019,24.75438
MLT,1994,20.509079
MLT,1995,19.842632
MLT,1996,19.611084
MLT,1997,22.516294
MLT,1998,23.294172
MLT,1999,24.528719
MLT,2000,30.381235
MLT,2001,27.799385
MLT,2002,27.716108
MLT,2003,29.634447
MLT,2004,29.351349
MLT,2005,31.79536
MLT,2006,30.756136
MLT,2007,31.78621
MLT,2008,30.899437
MLT,2009,30.773615
MLT,2010,32.50011
MLT,2011,34.37887
MLT,2012,34.928337
MLT,2013,33.386295
MLT,2014,34.085976
MLT,2015,39.66399
MLT,2016,38.347702
MLT,2017,39.21617
MLT,2018,41.81593
MLT,2019,40.627483
MEX,1950,7.838052
MEX,1951,8.391885
MEX,1952,8.648892
MEX,1953,8.427345
MEX,1954,9.25124
MEX,1955,9.900326
MEX,1956,10.4341
MEX,1957,11.065927
MEX,1958,11.462927
MEX,1959,11.607597
MEX,1960,12.327988
MEX,1961,12.385888
MEX,1962,12.567876
MEX,1963,13.4100485
MEX,1964,14.861192
MEX,1965,15.270481
MEX,1966,15.781029
MEX,1967,16.20344
MEX,1968,17.121988
MEX,1969,17.381784
MEX,1970,18.01936
MEX,1971,17.871181
MEX,1972,18.394958
MEX,1973,18.927757
MEX,1974,19.111128
MEX,1975,19.025108
MEX,1976,19.302427
MEX,1977,19.276596
MEX,1978,20.124495
MEX,1979,21.008715
MEX,1980,21.832298
MEX,1981,22.78899
MEX,1982,21.782488
MEX,1983,20.35886
MEX,1984,20.1233
MEX,1985,19.252594
MEX,1986,17.49425
MEX,1987,17.130547
MEX,1988,16.536968
MEX,1989,16.522503
MEX,1990,16.928875
MEX,1991,17.094788
MEX,1992,17.213825
MEX,1993,17.013998
MEX,1994,17.302423
MEX,1995,16.148466
MEX,1996,15.773345
MEX,1997,16.18199
MEX,1998,17.368303
MEX,1999,16.686592
MEX,2000,17.833534
MEX,2001,17.659796
MEX,2002,16.67666
MEX,2003,16.991592
MEX,2004,17.613306
MEX,2005,18.715185
MEX,2006,19.174133
MEX,2007,19.612604
MEX,2008,19.282133
MEX,2009,19.709696
MEX,2010,19.41408
MEX,2011,21.060549
MEX,2012,21.422895
MEX,2013,21.144402
MEX,2014,21.27103
MEX,2015,20.835148
MEX,2016,21.068047
MEX,2017,21.020313
MEX,2018,20.987122
MEX,2019,20.339481
MMR,1970,0.8174314
MMR,1971,0.80939347
MMR,1972,0.76764137
MMR,1973,0.7758831
MMR,1974,0.78822523
MMR,1975,0.81184393
MMR,1976,0.8223266
MMR,1977,0.8301076
MMR,1978,0.8378973
MMR,1979,0.86823136
MMR,1980,0.91043174
MMR,1981,0.9460778
MMR,1982,0.9827149
MMR,1983,1.0137795
MMR,1984,1.0367057
MMR,1985,1.0159934
MMR,1986,0.9754783
MMR,1987,0.87661654
MMR,1988,0.8084946
MMR,1989,0.81218064
MMR,1990,0.8488936
MMR,1991,0.85160065
MMR,1992,0.98256105
MMR,1993,1.0339866
MMR,1994,1.0573412
MMR,1995,1.0921623
MMR,1996,1.0761168
MMR,1997,1.1003945
MMR,1998,1.1736172
MMR,1999,1.131848
MMR,2000,1.132055
MMR,2001,1.1956207
MMR,2002,1.331625
MMR,2003,1.4841847
MMR,2004,1.6281185
MMR,2005,1.8151124
MMR,2006,2.0273707
MMR,2007,2.3407452
MMR,2008,2.6477537
MMR,2009,3.1216426
MMR,2010,3.7181845
MMR,2011,4.0852246
MMR,2012,3.299412
MMR,2013,4.6283817
MMR,2014,4.8591337
MMR,2015,4.738345
MMR,2016,4.711011
MMR,2017,4.7354836
MMR,2018,4.774512
MMR,2019,5.147914
NLD,1950,10.710759
NLD,1951,11.26351
NLD,1952,11.670563
NLD,1953,12.474285
NLD,1954,12.956335
NLD,1955,13.898993
NLD,1956,14.331997
NLD,1957,14.88208
NLD,1958,15.086685
NLD,1959,15.896571
NLD,1960,17.20012
NLD,1961,17.36024
NLD,1962,17.786955
NLD,1963,17.682125
NLD,1964,19.365513
NLD,1965,20.041805
NLD,1966,20.258251
NLD,1967,21.44525
NLD,1968,22.625898
NLD,1970,24.202515
NLD,1971,25.76558
NLD,1972,26.957249
NLD,1973,29.199915
NLD,1974,31.73102
NLD,1975,33.208977
NLD,1976,35.00219
NLD,1977,35.999542
NLD,1978,37.090588
NLD,1979,37.67584
NLD,1980,38.711372
NLD,1981,37.863018
NLD,1982,37.708652
NLD,1983,38.4624
NLD,1984,39.05448
NLD,1985,37.854927
NLD,1986,39.04359
NLD,1987,39.201008
NLD,1988,40.105953
NLD,1989,40.839977
NLD,1990,42.341084
NLD,1991,43.16381
NLD,1992,43.048706
NLD,1993,44.567387
NLD,1994,45.287746
NLD,1995,46.16416
NLD,1996,46.58419
NLD,1997,48.85034
NLD,1998,49.452793
NLD,1999,51.94019
NLD,2000,56.511986
NLD,2001,56.631924
NLD,2002,57.185432
NLD,2003,57.887104
NLD,2004,58.761932
NLD,2005,66.80439
NLD,2006,67.05721
NLD,2007,69.592285
NLD,2008,71.34044
NLD,2009,66.42687
NLD,2010,67.39713
NLD,2011,68.47871
NLD,2012,70.78001
NLD,2013,74.74744
NLD,2014,70.81941
NLD,2015,69.6892
NLD,2016,68.148186
NLD,2017,70.61846
NLD,2018,70.12136
NLD,2019,69.77961
NZL,1970,20.520288
NZL,1971,20.98911
NZL,1972,22.061644
NZL,1973,23.366339
NZL,1974,23.290552
NZL,1975,22.472792
NZL,1976,22.941683
NZL,1977,21.932146
NZL,1978,20.57688
NZL,1979,20.463825
NZL,1980,20.61603
NZL,1981,21.855492
NZL,1982,21.809278
NZL,1983,22.566324
NZL,1984,23.590374
NZL,1985,22.587145
NZL,1986,24.02335
NZL,1987,24.90125
NZL,1988,27.004423
NZL,1989,28.208313
NZL,1990,28.456034
NZL,1991,28.466188
NZL,1992,28.873158
NZL,1993,29.425865
NZL,1994,30.06471
NZL,1995,30.408707
NZL,1996,31.179928
NZL,1997,32.43919
NZL,1998,33.185
NZL,1999,34.4251
NZL,2000,34.19455
NZL,2001,34.61917
NZL,2002,34.656883
NZL,2003,35.050877
NZL,2004,33.844494
NZL,2005,34.581734
NZL,2006,34.55735
NZL,2007,36.66018
NZL,2008,37.040737
NZL,2009,38.593353
NZL,2010,39.632904
NZL,2011,41.13166
NZL,2012,41.361797
NZL,2013,41.392303
NZL,2014,41.358177
NZL,2015,41.29625
NZL,2016,42.350384
NZL,2017,42.7376
NZL,2018,42.714916
NZL,2019,44.547375
NOR,1950,9.907662
NOR,1951,10.469594
NOR,1952,11.026875
NOR,1953,11.60994
NOR,1954,11.953661
NOR,1955,12.385934
NOR,1956,12.9130535
NOR,1957,13.583911
NOR,1958,13.69358
NOR,1959,14.12929
NOR,1960,14.403861
NOR,1961,15.121853
NOR,1962,15.429263
NOR,1963,15.964842
NOR,1964,16.813877
NOR,1965,17.995508
NOR,1966,18.55077
NOR,1967,19.760601
NOR,1968,20.903234
NOR,1969,22.103846
NOR,1970,17.760332
NOR,1971,19.209253
NOR,1972,21.406303
NOR,1973,22.084812
NOR,1974,23.943645
NOR,1975,26.599808
NOR,1976,29.84158
NOR,1977,30.629992
NOR,1978,33.34545
NOR,1979,35.46178
NOR,1980,36.85388
NOR,1981,36.93323
NOR,1982,36.815235
NOR,1983,38.781002
NOR,1984,40.94229
NOR,1985,40.305424
NOR,1986,37.816162
NOR,1987,38.734505
NOR,1988,37.339443
NOR,1989,40.062706
NOR,1990,44.95071
NOR,1991,45.559517
NOR,1992,46.800808
NOR,1993,47.055927
NOR,1994,48.30773
NOR,1995,51.57199
NOR,1996,57.040657
NOR,1997,58.731735
NOR,1998,54.6418
NOR,1999,60.438477
NOR,2000,74.944664
NOR,2001,77.07967
NOR,2002,75.60525
NOR,2003,83.69843
NOR,2004,88.14824
NOR,2005,108.196556
NOR,2006,114.72537
NOR,2007,111.84552
NOR,2008,123.31775
NOR,2009,106.1077
NOR,2010,114.91975
NOR,2011,124.166626
NOR,2012,129.02542
NOR,2013,125.781
NOR,2014,116.55276
NOR,2015,97.47578
NOR,2016,93.00969
NOR,2017,96.84903
NOR,2018,103.562225
NOR,2019,100.325645
PAK,1970,2.9666708
PAK,1971,3.017757
PAK,1972,2.866751
PAK,1973,2.9309175
PAK,1974,2.999609
PAK,1975,3.0776088
PAK,1976,3.1582005
PAK,1977,3.166501
PAK,1978,3.2872465
PAK,1979,3.2886379
PAK,1980,3.4211724
PAK,1981,3.598599
PAK,1982,3.6589348
PAK,1983,3.8796856
PAK,1984,3.977794
PAK,1985,4.1516323
PAK,1986,4.274906
PAK,1987,4.317833
PAK,1988,4.5460234
PAK,1989,4.7451615
PAK,1990,4.7315207
PAK,1991,4.929509
PAK,1992,5.1446376
PAK,1993,5.2175946
PAK,1994,5.111992
PAK,1995,5.34702
PAK,1996,5.436995
PAK,1997,5.207888
PAK,1998,5.3142533
PAK,1999,5.235243
PAK,2000,5.16124
PAK,2001,5.00235
PAK,2002,5.0142965
PAK,2003,4.9974833
PAK,2004,5.2737136
PAK,2005,5.555181
PAK,2006,5.891027
PAK,2007,6.230948
PAK,2008,6.432141
PAK,2009,6.6205926
PAK,2010,6.673804
PAK,2011,7.190615
PAK,2012,7.303584
PAK,2013,7.2498655
PAK,2014,7.532263
PAK,2015,7.966741
PAK,2016,7.953004
PAK,2017,8.322207
PAK,2018,8.668698
PAK,2019,8.772413
PER,1950,2.6484497
PER,1951,2.8177915
PER,1952,2.9344518
PER,1953,3.0423982
PER,1954,3.1927836
PER,1955,3.3117058
PER,1956,3.371967
PER,1957,3.5843544
PER,1958,3.4856973
PER,1959,3.5018563
PER,1960,3.8014476
PER,1961,4.021363
PER,1962,4.323904
PER,1963,4.5115204
PER,1964,4.7517805
PER,1965,4.9986486
PER,1966,5.306702
PER,1967,5.4991684
PER,1968,5.4132385
PER,1969,5.5991554
PER,1970,5.6983523
PER,1971,5.824227
PER,1972,5.7678556
PER,1973,6.054074
PER,1974,6.346189
PER,1975,6.5259185
PER,1976,6.422749
PER,1977,6.220151
PER,1978,5.93782
PER,1979,5.948813
PER,1980,6.3007164
PER,1981,6.583321
PER,1982,6.4475436
PER,1983,5.7053123
PER,1984,5.7681093
PER,1985,5.6652513
PER,1986,6.0267706
PER,1987,6.527445
PER,1988,6.1723676
PER,1989,5.0469494
PER,1990,4.977477
PER,1991,4.8743596
PER,1992,4.9737883
PER,1993,5.1729245
PER,1994,5.73697
PER,1995,6.102011
PER,1996,6.2091656
PER,1997,6.4707785
PER,1998,6.0912576
PER,1999,5.917506
PER,2000,5.830105
PER,2001,5.7824183
PER,2002,6.0206456
PER,2003,6.279441
PER,2004,6.6183205
PER,2005,7.1518135
PER,2006,7.8262706
PER,2007,8.373975
PER,2008,8.944306
PER,2009,8.764146
PER,2010,9.678762
PER,2011,10.373608
PER,2012,10.701444
PER,2013,10.763198
PER,2014,10.657607
PER,2015,10.481914
PER,2016,10.576797
PER,2017,10.748999
PER,2018,10.917692
PER,2019,11.008161
PHL,1970,3.7410529
PHL,1971,3.6028402
PHL,1972,3.8071616
PHL,1973,3.7744696
PHL,1974,4.0117893
PHL,1975,4.1602697
PHL,1976,4.517484
PHL,1977,4.5637336
PHL,1978,4.373169
PHL,1979,4.4381256
PHL,1980,4.830546
PHL,1981,4.772035
PHL,1982,5.0469213
PHL,1983,4.5831437
PHL,1984,4.139392
PHL,1985,3.8855753
PHL,1986,3.969068
PHL,1987,4.321253
PHL,1988,4.616014
PHL,1989,4.9365478
PHL,1990,5.263715
PHL,1991,5.315545
PHL,1992,5.355078
PHL,1993,5.6790833
PHL,1994,6.1158614
PHL,1995,6.683218
PHL,1996,6.9570694
PHL,1997,6.567474
PHL,1998,6.0739584
PHL,1999,5.740606
PHL,2000,5.7828255
PHL,2001,5.928682
PHL,2002,5.8759704
PHL,2003,5.8353586
PHL,2004,5.8045473
PHL,2005,5.94461
PHL,2006,6.157087
PHL,2007,6.353869
PHL,2008,6.639924
PHL,2009,6.683566
PHL,2010,7.1145678
PHL,2011,7.5580993
PHL,2012,7.963308
PHL,2013,8.149555
PHL,2014,8.372548
PHL,2015,8.691644
PHL,2016,8.84958
PHL,2017,9.45045
PHL,2018,9.835632
PHL,2019,9.929681
POL,1995,15.280071
POL,1996,16.28021
POL,1997,16.8928
POL,1998,17.336582
POL,1999,18.164156
POL,2000,19.336899
POL,2001,19.847076
POL,2002,20.997034
POL,2003,21.38104
POL,2004,21.902554
POL,2005,22.63348
POL,2006,22.724333
POL,2007,23.69253
POL,2008,24.393005
POL,2009,25.316256
POL,2010,28.597836
POL,2011,30.57005
POL,2012,31.27495
POL,2013,31.29155
POL,2014,31.03163
POL,2015,31.873243
POL,2016,32.267654
POL,2017,33.66429
POL,2018,35.659782
POL,2019,37.07774
PRT,1950,3.2812173
PRT,1951,3.6839054
PRT,1952,3.8646781
PRT,1953,4.084427
PRT,1954,4.2859015
PRT,1955,4.4716263
PRT,1956,4.6974297
PRT,1957,5.0341034
PRT,1958,4.9388285
PRT,1959,5.2168193
PRT,1960,5.5631413
PRT,1961,5.895242
PRT,1962,6.3639197
PRT,1963,6.7905793
PRT,1964,7.1194415
PRT,1965,7.6807976
PRT,1966,7.9543943
PRT,1967,8.66021
PRT,1968,9.9525585
PRT,1969,10.373981
PRT,1970,11.027276
PRT,1971,11.5192
PRT,1972,12.343878
PRT,1973,13.628658
PRT,1974,12.870105
PRT,1975,11.889884
PRT,1976,12.568412
PRT,1977,13.064075
PRT,1978,13.388793
PRT,1979,13.86648
PRT,1980,14.162748
PRT,1981,14.097729
PRT,1982,14.232082
PRT,1983,13.386211
PRT,1984,13.023375
PRT,1985,13.3922205
PRT,1986,14.78374
PRT,1987,15.467871
PRT,1988,16.510382
PRT,1989,17.015308
PRT,1990,17.784199
PRT,1991,18.72974
PRT,1992,19.302189
PRT,1993,20.290115
PRT,1994,21.667118
PRT,1995,22.206059
PRT,1996,22.428747
PRT,1997,23.751776
PRT,1998,24.190683
PRT,1999,25.367647
PRT,2000,26.207767
PRT,2001,25.943388
PRT,2002,26.039156
PRT,2003,26.247849
PRT,2004,26.312006
PRT,2005,29.04467
PRT,2006,30.45835
PRT,2007,30.840103
PRT,2008,30.853395
PRT,2009,31.094946
PRT,2010,32.866035
PRT,2011,33.312737
PRT,2012,34.97005
PRT,2013,34.65448
PRT,2014,34.053814
PRT,2015,34.318027
PRT,2016,34.488335
PRT,2017,34.622093
PRT,2018,34.43423
PRT,2019,35.147415
ROU,1995,9.537234
ROU,1996,9.799868
ROU,1997,9.259782
ROU,1998,9.025296
ROU,1999,9.093931
ROU,2000,9.405514
ROU,2001,10.246421
ROU,2002,11.634535
ROU,2003,12.937392
ROU,2004,14.169445
ROU,2005,14.945911
ROU,2006,17.121294
ROU,2007,19.056839
ROU,2008,22.216656
ROU,2009,22.136011
ROU,2010,23.572714
ROU,2011,23.93335
ROU,2012,25.482965
ROU,2013,25.733467
ROU,2014,26.374271
ROU,2015,28.203129
ROU,2016,29.556286
ROU,2017,32.271114
ROU,2018,33.27176
ROU,2019,34.723377
RUS,1992,16.142405
RUS,1993,14.020465
RUS,1994,12.63095
RUS,1995,12.229894
RUS,1996,12.037783
RUS,1997,11.550307
RUS,1998,10.657077
RUS,1999,10.068819
RUS,2000,11.213559
RUS,2001,11.383333
RUS,2002,11.556682
RUS,2003,12.55836
RUS,2004,13.977831
RUS,2005,15.850032
RUS,2006,18.233566
RUS,2007,20.971571
RUS,2008,24.01428
RUS,2009,22.15608
RUS,2010,24.944563
RUS,2011,28.113
RUS,2012,29.995682
RUS,2013,29.840853
RUS,2014,28.953226
RUS,2015,25.837358
RUS,2016,25.788391
RUS,2017,27.446236
RUS,2018,29.06468
RUS,2019,29.547054
SGP,1960,3.9006174
SGP,1961,4.4178286
SGP,1962,4.9932733
SGP,1963,5.528052
SGP,1964,5.525317
SGP,1965,5.802855
SGP,1966,6.413456
SGP,1967,7.162774
SGP,1968,7.757151
SGP,1969,8.824212
SGP,1970,9.833744
SGP,1971,10.4474125
SGP,1972,10.551421
SGP,1973,11.519184
SGP,1974,12.803002
SGP,1975,13.638375
SGP,1976,14.520831
SGP,1977,15.476223
SGP,1978,16.928726
SGP,1979,18.520247
SGP,1980,19.705738
SGP,1981,18.166807
SGP,1982,18.053377
SGP,1983,19.482874
SGP,1984,21.38408
SGP,1985,20.027134
SGP,1986,20.987019
SGP,1987,22.492294
SGP,1988,23.070465
SGP,1989,22.154364
SGP,1990,23.198656
SGP,1991,21.36511
SGP,1992,20.746096
SGP,1993,19.97827
SGP,1994,18.425158
SGP,1995,18.623278
SGP,1996,22.307873
SGP,1997,21.954796
SGP,1998,24.276775
SGP,1999,24.299772
SGP,2000,30.42399
SGP,2001,29.471651
SGP,2002,31.106705
SGP,2003,30.018806
SGP,2004,33.862076
SGP,2005,44.355186
SGP,2006,46.44072
SGP,2007,46.967743
SGP,2008,40.87993
SGP,2009,39.941437
SGP,2010,47.979073
SGP,2011,50.826103
SGP,2012,49.144577
SGP,2013,46.140568
SGP,2014,49.082344
SGP,2015,48.794605
SGP,2016,49.45969
SGP,2017,54.29878
SGP,2018,55.62514
SGP,2019,54.55258
SVK,1990,23.29104
SVK,1991,19.993107
SVK,1992,19.910147
SVK,1993,20.169422
SVK,1994,21.292253
SVK,1995,21.491716
SVK,1996,22.733274
SVK,1997,23.491076
SVK,1998,23.097233
SVK,1999,22.678707
SVK,2000,24.144154
SVK,2001,25.50519
SVK,2002,26.593657
SVK,2003,27.36018
SVK,2004,26.86491
SVK,2005,29.709795
SVK,2006,30.855715
SVK,2007,32.386356
SVK,2008,34.62105
SVK,2009,33.67581
SVK,2010,37.117123
SVK,2011,37.21693
SVK,2012,37.538563
SVK,2013,36.791916
SVK,2014,37.956326
SVK,2015,37.41844
SVK,2016,35.256275
SVK,2017,35.165665
SVK,2018,35.154427
SVK,2019,35.82719
SVN,1995,25.936514
SVN,1996,27.861086
SVN,1997,29.07035
SVN,1998,28.589737
SVN,1999,29.04555
SVN,2000,30.183662
SVN,2001,30.578573
SVN,2002,30.27885
SVN,2003,31.049395
SVN,2004,31.913849
SVN,2005,35.70346
SVN,2006,35.830597
SVN,2007,36.134407
SVN,2008,38.628654
SVN,2009,36.110195
SVN,2010,37.615192
SVN,2011,40.164043
SVN,2012,40.54615
SVN,2013,40.011208
SVN,2014,39.85244
SVN,2015,38.51726
SVN,2016,39.546898
SVN,2017,40.554752
SVN,2018,42.5601
SVN,2019,42.50005
ZAF,2001,14.418629
ZAF,2002,14.43183
ZAF,2003,15.460175
ZAF,2004,16.013725
ZAF,2005,16.981928
ZAF,2006,16.608631
ZAF,2007,17.33961
ZAF,2008,17.446796
ZAF,2009,17.575262
ZAF,2010,18.785038
ZAF,2011,18.793608
ZAF,2012,19.016754
ZAF,2013,18.848959
ZAF,2014,18.931772
ZAF,2016,17.885271
ZAF,2017,18.054855
ZAF,2018,17.883596
ZAF,2019,17.969189
KOR,1953,1.5332465
KOR,1954,1.5661155
KOR,1955,1.6520659
KOR,1956,1.6478194
KOR,1957,1.7407553
KOR,1958,1.7448703
KOR,1959,1.7153504
KOR,1960,1.668106
KOR,1961,1.6948746
KOR,1962,1.6225559
KOR,1963,1.7192254
KOR,1964,1.9007819
KOR,1965,1.8195035
KOR,1966,2.0271392
KOR,1967,2.0386188
KOR,1968,2.1282914
KOR,1969,2.312431
KOR,1970,2.5252032
KOR,1971,2.8847992
KOR,1972,3.1233468
KOR,1973,3.6231813
KOR,1974,4.1419706
KOR,1975,4.675133
KOR,1976,4.8103185
KOR,1977,5.1032534
KOR,1978,5.353077
KOR,1979,5.563102
KOR,1980,5.244062
KOR,1981,5.425911
KOR,1982,5.6521635
KOR,1983,6.266925
KOR,1984,6.921118
KOR,1985,7.040193
KOR,1986,7.922647
KOR,1987,8.813795
KOR,1988,9.890169
KOR,1989,10.91254
KOR,1990,12.182273
KOR,1991,13.509274
KOR,1992,14.439435
KOR,1993,15.54809
KOR,1994,17.106663
KOR,1995,18.621534
KOR,1996,20.472479
KOR,1997,20.179276
KOR,1998,19.581148
KOR,1999,21.307796
KOR,2000,21.869509
KOR,2001,22.238785
KOR,2002,23.674788
KOR,2003,25.069714
KOR,2004,26.519978
KOR,2005,28.836796
KOR,2006,29.512959
KOR,2007,31.401978
KOR,2008,32.576744
KOR,2009,32.299507
KOR,2010,34.401585
KOR,2011,34.31749
KOR,2012,34.104088
KOR,2013,33.014214
KOR,2014,34.302982
KOR,2015,35.88307
KOR,2016,36.87733
KOR,2017,39.083927
KOR,2018,40.092373
KOR,2019,40.768528
ESP,1950,4.2093525
ESP,1951,4.952261
ESP,1952,5.182965
ESP,1953,4.9694395
ESP,1954,5.531813
ESP,1955,5.8054724
ESP,1956,6.18243
ESP,1957,6.3979545
ESP,1958,6.5882616
ESP,1959,6.5457077
ESP,1960,7.4155407
ESP,1961,8.220225
ESP,1962,9.037536
ESP,1963,9.915869
ESP,1964,10.606906
ESP,1965,11.165489
ESP,1966,11.888808
ESP,1967,12.342417
ESP,1968,13.353511
ESP,1969,14.520748
ESP,1970,14.90053
ESP,1971,15.466237
ESP,1972,16.556398
ESP,1973,17.43986
ESP,1974,18.1054
ESP,1975,18.42838
ESP,1976,19.413439
ESP,1977,20.50535
ESP,1978,22.025837
ESP,1979,23.301933
ESP,1980,24.862436
ESP,1981,24.647726
ESP,1982,24.323423
ESP,1983,24.323198
ESP,1984,25.075632
ESP,1985,25.155844
ESP,1986,26.321772
ESP,1987,27.108795
ESP,1988,28.179577
ESP,1989,29.23166
ESP,1990,29.706087
ESP,1991,30.560263
ESP,1992,31.970045
ESP,1993,33.561295
ESP,1994,35.232494
ESP,1995,36.420605
ESP,1996,37.20397
ESP,1997,38.65604
ESP,1998,39.347706
ESP,1999,39.084496
ESP,2000,39.56358
ESP,2001,39.063046
ESP,2002,39.386444
ESP,2003,38.99506
ESP,2004,39.34177
ESP,2005,42.210934
ESP,2006,44.520966
ESP,2007,46.45947
ESP,2008,47.022587
ESP,2009,48.159397
ESP,2010,48.991467
ESP,2011,49.908657
ESP,2012,52.12421
ESP,2013,52.641403
ESP,2014,52.219486
ESP,2015,53.697327
ESP,2016,54.58749
ESP,2017,56.063015
ESP,2018,55.855927
ESP,2019,56.31081
LKA,1970,5.7481346
LKA,1971,5.553913
LKA,1972,5.5919013
LKA,1973,5.820993
LKA,1974,6.0267286
LKA,1975,5.7754326
LKA,1976,5.283566
LKA,1977,4.9117985
LKA,1978,4.8720555
LKA,1979,4.426274
LKA,1980,4.4011226
LKA,1981,4.667469
LKA,1982,4.5285296
LKA,1983,4.4915776
LKA,1984,4.5647106
LKA,1985,4.9997396
LKA,1986,5.1823993
LKA,1987,5.382492
LKA,1988,5.466899
LKA,1989,5.6409006
LKA,1990,5.8184776
LKA,1991,5.9432445
LKA,1992,6.4665484
LKA,1993,6.633952
LKA,1994,7.239582
LKA,1995,7.3714666
LKA,1996,7.525279
LKA,1997,7.9399147
LKA,1998,7.8684635
LKA,1999,7.744222
LKA,2000,7.3130565
LKA,2001,7.4968944
LKA,2002,8.34636
LKA,2003,8.783546
LKA,2004,8.072611
LKA,2005,8.027195
LKA,2006,9.716973
LKA,2007,10.624909
LKA,2008,10.802232
LKA,2009,12.216344
LKA,2010,12.932431
LKA,2011,13.874193
LKA,2012,15.157523
LKA,2013,16.48785
LKA,2014,16.443434
LKA,2015,16.714605
LKA,2016,17.275408
LKA,2017,17.048513
LKA,2018,17.891243
LKA,2019,18.01952
SWE,1950,10.858836
SWE,1951,11.14681
SWE,1952,11.347253
SWE,1953,11.91346
SWE,1954,12.356361
SWE,1955,12.658132
SWE,1956,13.052118
SWE,1957,13.279284
SWE,1958,13.727326
SWE,1959,14.528428
SWE,1960,14.594508
SWE,1961,15.391919
SWE,1962,16.01954
SWE,1963,16.832603
SWE,1964,18.094172
SWE,1965,18.662718
SWE,1966,19.11123
SWE,1967,20.401386
SWE,1968,21.418922
SWE,1969,22.314129
SWE,1970,23.598629
SWE,1971,24.413507
SWE,1972,25.53271
SWE,1973,26.78763
SWE,1974,27.168604
SWE,1975,27.59229
SWE,1976,27.491
SWE,1977,27.374071
SWE,1978,28.62475
SWE,1979,29.242931
SWE,1980,29.056602
SWE,1981,29.637472
SWE,1982,29.726414
SWE,1983,30.272861
SWE,1984,31.454865
SWE,1985,31.78546
SWE,1986,33.885395
SWE,1987,34.909298
SWE,1988,35.362347
SWE,1989,35.823856
SWE,1990,36.176434
SWE,1991,36.896164
SWE,1992,37.865353
SWE,1993,37.79536
SWE,1994,39.588776
SWE,1995,41.539886
SWE,1996,42.876877
SWE,1997,44.848827
SWE,1998,45.998344
SWE,1999,47.301346
SWE,2000,49.93068
SWE,2001,48.27664
SWE,2002,49.211044
SWE,2003,51.32245
SWE,2004,53.313663
SWE,2005,55.468353
SWE,2006,56.860283
SWE,2007,58.842804
SWE,2008,59.523712
SWE,2009,57.281887
SWE,2010,58.980328
SWE,2011,61.892174
SWE,2012,62.106907
SWE,2013,61.808903
SWE,2014,61.54204
SWE,2015,63.007225
SWE,2016,62.609314
SWE,2017,64.33747
SWE,2018,63.764103
SWE,2019,65.53587
CHE,1950,15.77341
CHE,1951,16.673876
CHE,1952,16.399836
CHE,1953,16.989468
CHE,1954,18.031937
CHE,1955,19.082586
CHE,1956,19.974682
CHE,1957,20.342276
CHE,1958,19.803474
CHE,1959,21.428202
CHE,1960,22.737736
CHE,1961,23.567085
CHE,1962,23.763697
CHE,1963,24.445429
CHE,1964,25.46338
CHE,1965,26.199947
CHE,1966,26.889849
CHE,1967,27.606853
CHE,1968,28.411537
CHE,1969,29.497551
CHE,1970,30.962076
CHE,1971,31.940605
CHE,1972,32.9581
CHE,1973,34.049995
CHE,1974,35.011158
CHE,1975,33.099533
CHE,1976,33.395935
CHE,1977,34.412994
CHE,1978,35.13215
CHE,1979,36.428448
CHE,1980,37.88578
CHE,1981,37.585957
CHE,1982,37.518948
CHE,1983,38.167744
CHE,1984,38.62007
CHE,1985,38.904556
CHE,1986,40.513836
CHE,1987,40.41738
CHE,1988,40.27111
CHE,1989,41.45908
CHE,1990,42.746082
CHE,1991,41.561443
CHE,1992,42.012085
CHE,1993,42.976044
CHE,1994,43.79015
CHE,1995,45.12358
CHE,1996,46.428757
CHE,1997,48.614483
CHE,1998,49.182507
CHE,1999,49.913273
CHE,2000,50.3207
CHE,2001,50.60761
CHE,2002,51.1782
CHE,2003,51.978863
CHE,2004,52.806225
CHE,2005,57.021378
CHE,2006,59.944504
CHE,2007,64.84992
CHE,2008,68.55738
CHE,2009,67.56619
CHE,2010,70.88482
CHE,2011,76.303345
CHE,2012,78.00944
CHE,2013,77.79825
CHE,2014,78.753746
CHE,2015,77.436226
CHE,2016,77.82247
CHE,2017,80.58823
CHE,2018,81.968315
CHE,2019,82.918655
TWN,1951,1.7312752
TWN,1952,1.9633273
TWN,1953,2.1465368
TWN,1954,2.3178558
TWN,1955,2.4711213
TWN,1956,2.641868
TWN,1957,2.8316276
TWN,1958,3.0093148
TWN,1959,3.269034
TWN,1960,3.475266
TWN,1961,3.660054
TWN,1962,3.8001552
TWN,1963,4.036154
TWN,1964,4.502321
TWN,1965,5.0955157
TWN,1966,5.366586
TWN,1967,5.791475
TWN,1968,6.168899
TWN,1969,6.5292196
TWN,1970,7.1502995
TWN,1971,7.8370457
TWN,1972,8.540299
TWN,1973,9.067833
TWN,1974,9.318994
TWN,1975,9.282202
TWN,1976,10.448288
TWN,1977,10.780841
TWN,1978,11.854256
TWN,1979,12.4104
TWN,1980,13.274427
TWN,1981,13.874406
TWN,1982,14.226761
TWN,1983,14.790896
TWN,1984,15.579275
TWN,1985,15.57345
TWN,1986,17.022797
TWN,1987,18.705236
TWN,1988,20.102743
TWN,1989,21.682493
TWN,1990,23.624458
TWN,1991,25.034227
TWN,1992,26.252848
TWN,1993,27.145975
TWN,1994,28.447737
TWN,1995,29.068552
TWN,1996,31.709291
TWN,1997,34.076534
TWN,1998,34.718487
TWN,1999,36.13546
TWN,2000,37.698467
TWN,2001,38.410152
TWN,2002,39.60988
TWN,2003,39.98505
TWN,2004,40.77388
TWN,2005,43.20862
TWN,2006,42.848755
TWN,2007,43.57065
TWN,2008,42.69296
TWN,2009,41.856335
TWN,2010,44.5601
TWN,2011,45.668552
TWN,2012,45.23482
TWN,2013,44.61669
TWN,2015,43.036137
TWN,2016,43.07984
TWN,2017,44.999302
TWN,2018,45.001755
TWN,2019,46.014313
THA,1970,2.4565363
THA,1971,2.513515
THA,1972,2.6661272
THA,1973,2.6904776
THA,1974,2.7070975
THA,1975,2.8011901
THA,1976,2.9758074
THA,1977,3.2212675
THA,1978,3.2475424
THA,1979,3.3730059
THA,1980,3.2158048
THA,1981,3.4119394
THA,1982,3.8682032
THA,1983,3.3342357
THA,1984,3.2987711
THA,1985,3.4396014
THA,1986,3.3923655
THA,1987,3.576176
THA,1988,3.7633352
THA,1989,3.9215462
THA,1990,4.526281
THA,1991,4.676503
THA,1992,4.9308076
THA,1993,5.5268965
THA,1994,5.9042473
THA,1995,6.5853
THA,1996,7.4958553
THA,1997,6.877873
THA,1998,5.889067
THA,1999,6.183715
THA,2000,6.1977625
THA,2001,6.5658803
THA,2002,6.9211497
THA,2003,7.300802
THA,2004,7.6645355
THA,2005,8.444663
THA,2006,8.8521385
THA,2007,9.2954645
THA,2008,9.652878
THA,2009,9.282351
THA,2010,10.453212
THA,2011,11.046585
THA,2012,12.355092
THA,2013,12.694019
THA,2014,12.534133
THA,2015,12.897164
THA,2016,13.135729
THA,2017,14.745839
THA,2018,14.859359
THA,2019,15.167234
TTO,1991,22.889187
TTO,1992,21.78846
TTO,1993,20.282984
TTO,1994,19.54792
TTO,1995,18.79509
TTO,1996,17.768461
TTO,1997,17.40852
TTO,1998,16.4345
TTO,1999,18.962158
TTO,2000,22.101263
TTO,2001,20.48534
TTO,2002,21.240498
TUR,1970,10.601305
TUR,1971,10.768229
TUR,1972,11.473463
TUR,1973,11.864732
TUR,1974,13.271403
TUR,1975,14.196969
TUR,1976,15.674814
TUR,1977,15.050656
TUR,1978,14.478953
TUR,1979,14.118378
TUR,1980,13.800844
TUR,1981,15.372226
TUR,1982,14.731944
TUR,1983,15.183311
TUR,1984,16.2663
TUR,1985,16.364235
TUR,1986,16.780891
TUR,1987,18.249243
TUR,1988,17.687508
TUR,1989,17.013956
TUR,1990,18.645437
TUR,1991,17.0931
TUR,1992,17.62716
TUR,1993,20.266287
TUR,1994,17.478455
TUR,1995,19.02518
TUR,1996,20.25807
TUR,1997,21.55358
TUR,1998,20.888668
TUR,1999,19.306677
TUR,2000,21.29033
TUR,2001,20.841036
TUR,2002,20.80566
TUR,2003,20.569073
TUR,2004,23.346582
TUR,2005,25.003391
TUR,2006,27.891794
TUR,2007,30.429176
TUR,2008,31.903471
TUR,2009,31.13515
TUR,2010,33.744137
TUR,2011,35.660713
TUR,2012,36.57103
TUR,2013,38.42478
TUR,2014,39.79341
TUR,2015,41.47944
TUR,2016,40.536507
TUR,2017,41.799202
TUR,2018,43.00543
TUR,2019,43.692204
GBR,1950,10.331418
GBR,1951,10.466235
GBR,1952,10.593669
GBR,1953,11.059659
GBR,1954,11.30144
GBR,1955,11.641586
GBR,1956,11.858819
GBR,1957,12.199872
GBR,1958,12.563811
GBR,1959,13.220182
GBR,1960,13.684072
GBR,1961,14.121128
GBR,1962,14.465169
GBR,1963,15.071082
GBR,1964,15.790694
GBR,1965,16.23007
GBR,1966,16.954702
GBR,1967,17.71465
GBR,1968,18.621292
GBR,1969,19.06971
GBR,1970,20.08753
GBR,1971,21.08466
GBR,1972,21.464174
GBR,1973,22.490616
GBR,1974,21.869186
GBR,1975,21.895576
GBR,1976,23.206436
GBR,1977,24.14847
GBR,1978,25.635654
GBR,1979,26.88557
GBR,1980,27.886408
GBR,1981,28.654884
GBR,1982,29.300915
GBR,1983,30.296846
GBR,1984,29.932909
GBR,1985,30.047451
GBR,1986,30.333141
GBR,1987,31.004234
GBR,1988,30.986446
GBR,1989,30.594942
GBR,1990,31.00492
GBR,1991,31.34582
GBR,1992,32.18279
GBR,1993,33.45371
GBR,1994,33.91728
GBR,1995,36.779327
GBR,1996,38.637474
GBR,1997,40.242714
GBR,1998,41.010826
GBR,1999,42.357723
GBR,2000,44.76795
GBR,2001,45.33829
GBR,2002,45.502758
GBR,2003,46.255444
GBR,2004,46.993843
GBR,2005,49.651768
GBR,2006,50.061077
GBR,2007,49.39457
GBR,2008,50.692265
GBR,2009,48.38714
GBR,2010,51.329544
GBR,2011,51.850594
GBR,2012,52.153336
GBR,2013,53.171543
GBR,2014,52.07599
GBR,2015,53.37609
GBR,2016,53.079872
GBR,2017,54.676918
GBR,2018,54.799587
GBR,2019,54.34881
USA,1950,19.803486
USA,1951,20.120426
USA,1952,20.598131
USA,1953,21.30933
USA,1954,21.892582
USA,1955,22.800766
USA,1956,22.947628
USA,1957,23.664543
USA,1958,24.276978
USA,1959,25.127491
USA,1960,25.648903
USA,1961,26.486559
USA,1962,27.38961
USA,1963,28.385633
USA,1964,29.319862
USA,1965,30.187088
USA,1966,31.040636
USA,1967,31.453077
USA,1968,32.355244
USA,1969,32.59705
USA,1970,33.242287
USA,1971,34.63091
USA,1972,35.618088
USA,1973,36.66489
USA,1974,36.2089
USA,1975,37.12749
USA,1976,38.141457
USA,1977,38.626003
USA,1978,39.1048
USA,1979,39.33189
USA,1980,39.362434
USA,1981,40.185394
USA,1982,39.999233
USA,1983,41.048336
USA,1984,42.035206
USA,1985,42.535244
USA,1986,43.41627
USA,1987,43.60946
USA,1988,44.175945
USA,1989,44.53704
USA,1990,45.16287
USA,1991,45.744625
USA,1992,47.651917
USA,1993,48.10981
USA,1994,48.650463
USA,1995,49.04458
USA,1996,50.09086
USA,1997,51.070477
USA,1998,52.246185
USA,1999,53.717453
USA,2000,55.11331
USA,2001,56.182423
USA,2002,57.68048
USA,2003,59.586433
USA,2004,61.241177
USA,2005,62.52242
USA,2006,63.186916
USA,2007,63.884613
USA,2008,64.56712
USA,2009,66.34159
USA,2010,68.20562
USA,2011,68.31264
USA,2012,68.82278
USA,2013,69.43636
USA,2014,70.00538
USA,2015,70.63671
USA,2016,70.92089
USA,2017,71.63857
USA,2018,72.48703
USA,2019,73.7004
URY,1990,13.299828
URY,1991,13.903573
URY,1992,15.332535
URY,1993,16.012783
URY,1994,16.9259
URY,1995,16.467913
URY,1996,17.332657
URY,1997,17.354332
URY,1998,17.478636
URY,1999,16.867584
URY,2000,16.522802
URY,2001,16.101044
URY,2002,15.725895
URY,2003,15.925493
URY,2004,15.562443
URY,2005,16.295483
URY,2006,16.68038
URY,2007,17.82848
URY,2008,19.192266
URY,2009,20.335516
URY,2010,23.218733
URY,2011,24.969807
URY,2012,25.788666
URY,2013,26.35496
URY,2014,27.157722
URY,2015,27.477356
URY,2016,27.915611
URY,2017,28.295845
URY,2018,28.267454
URY,2019,28.378277
VEN,1950,8.828285
VEN,1951,9.514012
VEN,1952,10.618969
VEN,1953,10.667643
VEN,1954,11.500893
VEN,1955,11.91255
VEN,1956,12.527544
VEN,1957,13.383218
VEN,1958,13.79243
VEN,1959,14.095871
VEN,1960,12.894877
VEN,1961,13.00281
VEN,1962,13.634249
VEN,1963,14.300011
VEN,1964,15.501996
VEN,1965,15.626375
VEN,1966,15.383903
VEN,1967,15.57774
VEN,1968,16.987415
VEN,1969,17.592003
VEN,1970,19.44451
VEN,1971,18.209164
VEN,1972,18.179869
VEN,1973,19.331163
VEN,1974,22.671999
VEN,1975,21.306314
VEN,1976,22.839758
VEN,1977,23.321024
VEN,1978,21.663076
VEN,1979,22.254908
VEN,1980,19.492306
VEN,1981,18.939642
VEN,1982,17.599707
VEN,1983,17.762857
VEN,1984,18.163025
VEN,1985,16.658176
VEN,1986,14.904936
VEN,1987,14.518197
VEN,1988,14.213692
VEN,1989,13.380918
VEN,1990,13.782229
VEN,1991,14.263082
VEN,1992,14.305857
VEN,1993,13.359987
VEN,1994,12.315057
VEN,1995,12.324745
VEN,1996,11.986189
VEN,1997,11.541097
VEN,1998,10.0934515
VEN,1999,10.557389
VEN,2000,12.499258
VEN,2001,11.6547985
VEN,2002,10.873657
VEN,2003,10.620219
VEN,2004,12.628008
VEN,2005,15.701362
VEN,2006,17.796515
VNM,1983,1.1524781
VNM,1984,1.2128034
VNM,1985,1.2438431
VNM,1986,1.2473692
VNM,1987,1.2508391
VNM,1988,1.27973
VNM,1989,1.2303238
VNM,1990,1.248242
VNM,1991,1.3763326
VNM,1992,1.4473767
VNM,1993,1.6003783
VNM,1994,1.6578928
VNM,1995,1.7611171
VNM,1996,1.9628545
VNM,1997,2.0946474
VNM,1998,2.0764184
VNM,1999,2.0388327
VNM,2000,2.1008787
VNM,2001,2.3221524
VNM,2002,2.4716961
VNM,2003,2.5970147
VNM,2004,2.7989905
VNM,2005,3.0270452
VNM,2006,3.0816696
VNM,2007,3.380881
VNM,2008,3.399545
VNM,2009,3.2103312
VNM,2010,3.712698
VNM,2011,3.8844273
VNM,2012,4.0761576
VNM,2013,4.3015313
VNM,2014,4.804195
VNM,2015,4.946606
VNM,2016,5.1569247
VNM,2017,5.652919
VNM,2018,5.982665
VNM,2019,6.739149